loan_type,loan_purpose,requested_amount,loan_term_months,interest_rate,applicant_monthly_income,existing_emi,debt_to_income_ratio,collateral_flag,annual_income,loan_to_income,gender,age,marital_status,dependents,education,employment_type,occupation,city,state,residence_type,years_at_residence,kyc_status,credit_score,num_open_accounts,num_credit_inquiries_6m,num_late_payments_30d,num_late_payments_90d,num_defaults_prior,bankruptcies,total_credit_limit,total_outstanding_debt,oldest_account_age_months,debt_to_limit,total_inflow_6m,total_outflow_6m,emi_outflow_6m,avg_balance,transaction_count,net_cash_flow_6m,inflow_outflow_ratio,actual_default,default_probability,risk_score,risk_category
Personal,Medical Emergency,1050000,36,16.66,47500,14800,1.095,0,570500,1.8404907975460123,Male,36,Married,2,Post Graduate,Salaried,Software Engineer,Indore,Madhya Pradesh,Owned,2,Verified,774,4,1,0,0,0,0,195000,50900,191,0.261025641025641,8351.32,42473.26,0.0,57021.88,6,-34121.94,0.1966253591082954,0,0.3034878561074221,30,Low
Business,Equipment Purchase,3172000,48,16.76,63200,19600,1.751,0,759000,4.179183135704875,Male,63,Divorced,3,Diploma,Salaried,Bank Officer,Chandigarh,Chandigarh,Rented,23,Verified,566,5,3,2,1,0,0,569000,77400,480,0.1360281195079086,61782.55,100320.64,13569.34,85008.98000000001,9,-38538.09,0.6158508358798349,1,0.7279527167729216,73,High
Education,Higher Studies India,1423000,24,10.19,84200,28200,1.116,0,1010500,1.4082137555665513,Male,43,Married,0,Diploma,Self-Employed,Chartered Accountant,Lucknow,Uttar Pradesh,Mortgaged,11,Verified,671,6,0,0,0,0,0,220000,117500,234,0.5340909090909091,125266.47,57678.82,0.0,103806.965,8,67587.65,2.1717932162967277,1,0.5574991620819124,56,Medium
Gold,Gold Loan,334000,24,11.99,55100,2100,0.323,1,661500,0.5049130763416477,Male,21,Single,1,Diploma,Salaried,Nurse,Hyderabad,Telangana,Owned,3,Verified,649,4,0,1,0,0,0,266000,170500,6,0.6409774436090225,46171.91,88477.42,16100.52,85136.07166666667,12,-42305.51,0.5218496425415661,1,0.32746342769244485,33,Low
Gold,Gold Loan,136000,12,13.91,39000,4200,0.42,1,468600,0.2902262057191634,Female,65,Single,2,Diploma,Business Owner,Retail Store Owner,Lucknow,Uttar Pradesh,Owned,3,Pending,725,4,4,0,0,0,0,121000,21400,480,0.1768595041322314,36543.22,35001.82,0.0,42237.904,5,1541.4000000000017,1.044037710039078,0,0.37040391832063274,37,Medium
Gold,Gold Loan,328000,24,12.39,14600,1500,1.167,1,174800,1.8764302059496567,Male,39,Single,0,Graduate,Self-Employed,Consultant,Noida,Uttar Pradesh,Family Owned,10,Pending,718,2,0,0,0,0,0,90000,50500,208,0.5611111111111111,0.0,11350.68,0.0,22663.158333333336,6,-11350.68,0.0,0,0.5993010941755172,60,Medium
Personal,Wedding,184000,60,23.29,86200,11700,0.196,0,1034500,0.1778637022716288,Male,31,Single,0,Post Graduate,Salaried,Bank Officer,Lucknow,Uttar Pradesh,Owned,13,Verified,786,2,1,0,0,0,0,750000,301500,126,0.402,82885.01,72978.23999999999,25247.34,136441.59,4,9906.770000000004,1.1357496426332014,0,0.13303724209489326,13,Low
Personal,Home Renovation,1065000,24,18.28,43800,9600,1.435,0,526200,2.023945267958951,Male,39,Single,0,Post Graduate,Self-Employed,Consultant,Chennai,Tamil Nadu,Family Owned,10,Verified,562,4,5,0,0,0,0,279000,68900,207,0.2469534050179211,3406.37,68571.12,19965.04,83479.09,12,-65164.74999999999,0.0496764527107038,1,0.7465980106983209,75,High
Personal,Wedding,681000,84,16.05,100600,26300,0.396,0,1207400,0.564021865164817,Female,28,Single,4,High School,Business Owner,Retail Store Owner,Lucknow,Uttar Pradesh,Family Owned,5,Verified,592,3,4,1,0,0,0,895000,168300,81,0.1880446927374301,87514.83,82064.75,1105.41,174776.79125,8,5450.080000000002,1.066411949101167,0,0.3622988015986626,36,Medium
Education,Study Abroad,3449000,60,9.14,201900,34000,0.524,0,2422600,1.4236770411954098,Male,46,Married,0,Professional Degree,Business Owner,Contractor,Gurugram,Haryana,Mortgaged,11,Verified,726,3,0,1,0,0,0,1153000,40400,277,0.0350390286209887,367935.53,151707.47,0.0,415576.67,6,216228.06000000003,2.4252960648542885,0,0.17977086412054155,18,Low
Home,Plot Purchase,2930000,60,8.39,49200,9600,1.413,1,590800,4.9593771157752204,Male,39,Married,0,Graduate,Salaried,Accountant,Gurugram,Haryana,Family Owned,5,Pending,669,5,3,0,0,0,0,252000,95000,178,0.376984126984127,0.0,49186.69,0.0,53046.7925,4,-49186.69,0.0,1,0.5903857653342623,59,Medium
Personal,Medical Emergency,192000,24,11.26,42600,7900,0.396,0,511600,0.3752931978107897,Male,62,Married,1,Graduate,Self-Employed,Architect,Surat,Gujarat,Family Owned,14,Verified,667,4,0,1,0,0,0,433000,142000,480,0.3279445727482679,10042.84,31057.68,0.0,57408.118,5,-21014.84,0.3233609207126868,0,0.5521008320871871,55,Medium
Personal,Wedding,70000,36,15.89,45500,4800,0.16,0,545900,0.128228613299139,Male,28,Single,1,Graduate,Salaried,Bank Officer,Surat,Gujarat,Rented,2,Verified,735,6,2,0,0,0,0,421000,252600,92,0.6,0.0,46274.73,11278.46,52434.755,4,-46274.73,0.0,1,0.25448268744275093,25,Low
Home,Home Purchase,4231000,120,8.66,39500,9100,1.567,1,474100,8.924277578569923,Male,32,Single,4,Diploma,Salaried,HR Manager,Kochi,Kerala,Rented,7,Verified,743,4,3,0,0,0,0,134000,65400,102,0.4880597014925373,82992.04999999999,14601.89,0.0,65562.99666666666,6,68390.15999999999,5.683651225971432,0,0.4820313903862369,48,Medium
Education,Higher Studies India,1763000,24,9.25,138000,47900,0.932,0,1655700,1.064806426284955,Female,61,Married,2,Post Graduate,Salaried,Bank Officer,Ahmedabad,Gujarat,Rented,5,Verified,807,3,2,0,0,0,0,1417000,997600,456,0.7040225829216655,59522.78,168760.24,71504.96,257480.49285714285,7,-109237.46,0.3527061824515063,0,0.34907919364154943,35,Medium
Education,Higher Studies India,2879000,120,11.32,57000,10500,0.89,0,683600,4.21152720889409,Female,43,Divorced,1,Post Graduate,Salaried,Sales Executive,Surat,Gujarat,Family Owned,21,Verified,794,4,0,0,0,0,0,525000,133900,233,0.255047619047619,0.0,71221.69,13264.49,66687.376,5,-71221.69,0.0,0,0.26092000410801697,26,Low
Personal,Wedding,1384000,48,21.71,52100,4900,0.928,0,624700,2.2154634224427725,Male,40,Married,4,Graduate,Business Owner,Trader,Hyderabad,Telangana,Owned,21,Verified,560,4,3,2,0,0,0,410000,236600,222,0.5770731707317073,21717.33,60529.66,0.0,77629.83200000001,5,-38812.33,0.3587882370394943,0,0.637946467281282,64,Medium
Gold,Gold Loan,530000,36,14.9,59400,10900,0.493,1,712600,0.7437552624193096,Female,34,Single,1,Professional Degree,Salaried,Analyst,Chennai,Tamil Nadu,Mortgaged,16,Verified,687,0,2,0,0,0,0,502000,72800,117,0.1450199203187251,0.0,117397.76,0.0,93515.86777777778,9,-117397.76,0.0,0,0.3101033469029267,31,Low
Auto,Two Wheeler,459000,84,11.25,26000,8400,0.627,1,312400,1.469270166453265,Female,47,Divorced,1,Diploma,Salaried,Analyst,Kolkata,West Bengal,Owned,7,Pending,573,3,0,3,1,0,0,275000,105000,313,0.3818181818181818,39431.07,33565.46,0.0,52821.44,8,5865.610000000001,1.174751366434424,1,0.5366594525332072,54,Medium
Personal,Wedding,1170000,36,11.36,107200,2700,0.384,0,1286500,0.9094442285270112,Male,50,Single,2,High School,Salaried,Accountant,Noida,Uttar Pradesh,Mortgaged,6,Pending,660,2,1,1,0,0,0,865000,214500,350,0.2479768786127167,104070.96,128299.37,40650.22,188122.12875,8,-24228.40999999999,0.8111572176854805,0,0.261345894636365,26,Low
Home,Plot Purchase,2562000,36,8.49,154900,37700,0.766,1,1858600,1.3784569030453029,Male,27,Married,4,Post Graduate,Salaried,Nurse,Hyderabad,Telangana,Mortgaged,9,Verified,832,6,0,1,1,0,0,412000,112100,76,0.2720873786407767,26338.99,61908.52,0.0,325005.22400000005,5,-35569.53,0.4254501642100312,0,0.12774665238153352,13,Low
Education,Higher Studies India,3678000,60,10.92,45100,6200,1.906,0,541500,6.792243767313019,Male,70,Married,0,Graduate,Salaried,HR Manager,Kolkata,West Bengal,Mortgaged,5,Pending,622,4,0,3,0,0,0,311000,143400,480,0.4610932475884244,84889.85,68265.19,13712.21,93665.338,10,16624.660000000003,1.243530560744063,1,0.784809178313302,78,High
Personal,Debt Consolidation,316000,24,14.63,37700,4900,0.534,0,452900,0.6977257672775448,Male,50,Married,1,High School,Salaried,HR Manager,Nagpur,Maharashtra,Owned,15,Verified,736,6,0,0,0,0,0,249000,99400,340,0.3991967871485943,75685.98,58632.66,5244.66,45731.13333333333,12,17053.32,1.290850184862839,0,0.3296872548864279,33,Low
Personal,Medical Emergency,436000,48,16.64,21800,2500,0.688,0,261700,1.6660298051203668,Female,26,Divorced,0,Diploma,Self-Employed,Freelance Designer,Chennai,Tamil Nadu,Family Owned,8,Verified,650,4,0,0,0,1,0,206000,23100,63,0.112135922330097,28948.43,9044.7,3665.18,53050.4975,4,19903.73,3.200595929107654,0,0.5770039117782386,58,Medium
Personal,Home Renovation,264000,36,14.59,27600,2000,0.401,0,331800,0.7956600361663653,Male,30,Married,2,Graduate,Salaried,Teacher,Bhopal,Madhya Pradesh,Rented,12,Pending,645,3,1,1,0,0,0,140000,59600,66,0.4257142857142857,102933.19,26247.42,432.98,43607.875,12,76685.77,3.921649823106424,0,0.47238449872907656,47,Medium
Home,Home Construction,5413000,60,9.88,64200,19900,2.095,1,770800,7.022573949143747,Female,32,Single,4,Post Graduate,Salaried,Sales Executive,Coimbatore,Tamil Nadu,Rented,11,Pending,815,1,0,1,0,0,0,590000,214200,133,0.3630508474576271,23901.11,43751.76,5446.66,122580.202,5,-19850.65,0.5462891092838322,1,0.4919831090410339,49,Medium
Education,Higher Studies India,2299000,60,9.5,218900,27600,0.347,0,2626400,0.8753426743831861,Male,33,Single,2,Post Graduate,Self-Employed,Consultant,Pune,Maharashtra,Rented,2,Verified,771,2,3,1,0,0,0,1926000,710700,155,0.3690031152647975,59059.82,175714.44,75006.51,463483.3675,4,-116654.62,0.3361125016247953,0,0.19340298848726747,19,Low
Personal,Travel,275000,48,22.41,74400,4100,0.172,0,893100,0.3079162467808756,Female,32,Married,0,Diploma,Self-Employed,Lawyer,Gurugram,Haryana,Rented,14,Verified,815,2,3,0,0,0,0,321000,6400,140,0.0199376947040498,250765.03,58454.19,9533.45,149292.39444444445,9,192310.84,4.2899410632497,0,0.19079305651060424,19,Low
Personal,Home Renovation,264000,12,23.27,36800,12800,1.024,0,441500,0.5979614949037373,Male,50,Married,2,Graduate,Self-Employed,Architect,Ahmedabad,Gujarat,Mortgaged,14,Pending,675,2,0,0,0,0,0,385000,30000,352,0.0779220779220779,74990.75,42092.34,18460.49,59439.4975,8,32898.41,1.781577123058495,1,0.475400382042194,48,Medium
Auto,New Car,492000,48,9.77,40100,6000,0.459,1,481300,1.022231456472055,Female,40,Married,1,Post Graduate,Self-Employed,Freelance Designer,Bengaluru,Karnataka,Owned,13,Pending,720,3,0,0,0,0,0,129000,39600,222,0.3069767441860465,0.0,10199.54,0.0,38729.3725,4,-10199.54,0.0,0,0.3030517978865157,30,Low
Personal,Travel,1112000,84,20.63,29700,5600,1.035,0,356300,3.120965478529329,Female,28,Married,1,High School,Salaried,Nurse,Hyderabad,Telangana,Rented,10,Pending,718,7,0,2,0,0,0,274000,47400,39,0.172992700729927,76261.92,40473.77,6157.11,60663.16090909091,11,35788.149999999994,1.884230700525303,0,0.3054954589852369,31,Low
Personal,Debt Consolidation,185000,60,16.21,108600,14300,0.173,1,1303000,0.1419800460475825,Male,47,Married,1,Post Graduate,Self-Employed,Freelance Designer,Surat,Gujarat,Owned,22,Pending,762,5,1,2,0,0,0,1060000,35000,302,0.0330188679245283,188583.19,80411.4,4080.03,176945.70714285714,7,108171.79,2.3452295321310164,0,0.23694902808324453,24,Low
Personal,Travel,588000,48,12.12,66400,8400,0.36,0,796200,0.7385079125847777,Female,34,Married,0,Post Graduate,Business Owner,Contractor,Bhopal,Madhya Pradesh,Owned,9,Verified,685,3,2,2,0,0,0,646000,253200,157,0.3919504643962848,145897.99000000002,85329.42,18924.04,88664.91500000001,10,60568.57000000002,1.709820481611149,1,0.44786543865246686,45,Medium
Gold,Gold Loan,761000,12,13.66,79300,2500,0.891,1,951900,0.799453724130686,Male,52,Married,1,Graduate,Salaried,Software Engineer,Ahmedabad,Gujarat,Owned,18,Verified,727,6,0,2,0,0,0,250000,29500,359,0.118,69598.0,118096.95,0.0,141504.10142857142,7,-48498.95,0.5893293603264098,0,0.36758375368950874,37,Medium
Home,Home Purchase,5860000,120,9.46,48900,9900,1.75,1,586800,9.986366734832991,Male,41,Single,1,Graduate,Retired,Retired Private Sector,Chennai,Tamil Nadu,Family Owned,19,Verified,639,3,1,1,0,0,0,303000,99100,193,0.327062706270627,0.0,105771.93,6689.32,81261.508,10,-105771.93,0.0,0,0.7446725775821096,74,High
Auto,Used Car,1147000,48,12.32,50600,7100,0.741,1,606800,1.8902439024390243,Male,32,Married,2,Post Graduate,Salaried,Teacher,Kolkata,West Bengal,Rented,13,Verified,767,7,1,1,0,0,0,191000,55400,123,0.2900523560209424,44307.89,64740.01,13351.83,80269.641,10,-20432.120000000003,0.6843973301826799,0,0.2622765102790324,26,Low
Personal,Debt Consolidation,1452000,36,22.57,39700,4200,1.512,0,476900,3.0446634514573288,Male,37,Single,1,Diploma,Salaried,Sales Executive,Indore,Madhya Pradesh,Family Owned,12,Pending,728,6,3,0,0,0,0,383000,155900,183,0.4070496083550914,35962.16,51004.350000000006,17108.09,57822.453,10,-15042.190000000002,0.7050802529588163,1,0.5404411763662781,54,Medium
Business,Equipment Purchase,2419000,60,16.09,82600,12700,0.868,0,991000,2.440968718466196,Male,61,Single,2,Graduate,Salaried,Bank Officer,Hyderabad,Telangana,Owned,24,Pending,691,2,0,1,0,0,0,533000,324600,437,0.6090056285178237,0.0,128740.61,23899.77,87683.31,8,-128740.61,0.0,0,0.37137275203171966,37,Medium
Personal,Medical Emergency,1358000,84,17.54,72700,6700,0.48,0,872700,1.5560902944883694,Male,24,Married,0,Professional Degree,Self-Employed,Chartered Accountant,Bhopal,Madhya Pradesh,Owned,6,Pending,790,4,2,0,0,0,0,619000,313200,6,0.5059773828756058,80391.37999999999,82124.87,19562.97,129039.0725,8,-1733.4900000000052,0.9788920213815864,0,0.32350261746996795,32,Low
Business,Business Expansion,587000,36,18.93,118800,14300,0.301,1,1425100,0.411900919233738,Male,30,Single,2,Graduate,Self-Employed,Lawyer,Jaipur,Rajasthan,Rented,0,Verified,646,3,2,2,0,0,0,1083000,431000,81,0.3979686057248384,344557.55,125041.11,18658.98,236434.98,11,219516.44,2.755554153350046,0,0.35797307598462197,36,Medium
Personal,Medical Emergency,675000,48,22.27,38500,6400,0.722,0,461600,1.4623050259965338,Male,30,Married,0,Graduate,Business Owner,Contractor,Bengaluru,Karnataka,Rented,12,Verified,727,5,1,0,0,0,0,154000,24900,93,0.1616883116883117,0.0,51983.41,0.0,67772.78833333333,6,-51983.41,0.0,0,0.31764950310152895,32,Low
Auto,Two Wheeler,1471000,84,12.63,36200,6500,0.909,1,435000,3.381609195402299,Female,26,Single,0,Graduate,Salaried,Sales Executive,Mysuru,Karnataka,Rented,8,Verified,620,3,1,1,0,0,0,366000,138700,20,0.3789617486338797,0.0,34454.24,11972.75,51768.918000000005,5,-34454.24,0.0,0,0.4980388067386387,50,Medium
Gold,Gold Loan,429000,12,9.04,61200,20300,0.946,1,733800,0.5846279640228945,Female,45,Divorced,2,Graduate,Salaried,Bank Officer,Ahmedabad,Gujarat,Mortgaged,19,Verified,650,2,4,0,0,0,0,225000,70400,270,0.3128888888888889,137218.21,50365.27,11733.74,102712.14666666668,6,86852.94,2.7244609231718604,1,0.5869071019694119,59,Medium
Personal,Wedding,831000,48,18.55,58100,18900,0.75,0,697100,1.1920814804188782,Male,36,Married,2,Graduate,Salaried,Analyst,Bengaluru,Karnataka,Rented,12,Pending,736,2,2,2,0,0,0,219000,162700,166,0.7429223744292237,57538.2,38277.83,14724.94,144690.36000000002,6,19260.369999999995,1.5031729855114564,0,0.40827545725759706,41,Medium
Auto,Used Car,2357000,60,10.72,52800,1900,1.001,1,633300,3.721774830254224,Male,28,Married,0,Graduate,Salaried,Bank Officer,Ahmedabad,Gujarat,Owned,10,Verified,735,2,0,0,0,0,0,411000,232600,83,0.5659367396593674,10162.4,69896.75,15555.15,55794.10428571428,7,-59734.35,0.145391595460447,0,0.4267752442634578,43,Medium
Personal,Wedding,680000,84,19.29,48800,11000,0.529,0,585000,1.1623931623931625,Male,26,Single,2,Graduate,Self-Employed,Consultant,Bengaluru,Karnataka,Rented,8,Verified,716,5,3,0,0,0,0,237000,85800,44,0.3620253164556962,73164.95,74049.75,6043.92,66113.09818181818,11,-884.8000000000029,0.9880512763378674,0,0.34980887966714946,35,Medium
Personal,Home Renovation,547000,36,18.08,154900,2800,0.146,0,1858600,0.2943075433121704,Male,27,Married,4,Post Graduate,Salaried,Nurse,Hyderabad,Telangana,Mortgaged,9,Verified,832,6,0,1,1,0,0,412000,112100,76,0.2720873786407767,26338.99,61908.52,0.0,325005.22400000005,5,-35569.53,0.4254501642100312,0,0.0572512768431879,6,Low
Personal,Medical Emergency,642000,24,20.12,37900,3400,0.952,0,455100,1.4106789716545811,Male,21,Divorced,1,Graduate,Retired,Retired Private Sector,Gurugram,Haryana,Owned,3,Verified,683,1,0,0,0,1,0,284000,61900,6,0.2179577464788732,5818.68,34360.6,0.0,60572.6175,4,-28541.92,0.1693416296572236,0,0.5035732856573519,50,Medium
Auto,Used Car,946000,60,9.03,38200,7600,0.714,1,457800,2.066404543468764,Female,41,Widowed,3,Diploma,Salaried,Teacher,Kolkata,West Bengal,Owned,0,Verified,628,1,1,0,0,1,0,279000,85100,251,0.3050179211469534,70909.47,64837.05,9815.79,71981.90250000001,12,6072.4200000000055,1.0936566361362834,1,0.5567508755095603,56,Medium
Personal,Medical Emergency,1126000,84,13.14,44500,15300,0.806,1,534200,2.1078247847248224,Male,37,Married,1,Diploma,Salaried,Accountant,Chandigarh,Chandigarh,Family Owned,1,Verified,621,5,2,2,1,0,0,325000,51700,195,0.1590769230769231,41222.58,69137.04,46830.07,65514.715454545454,11,-27914.459999999992,0.5962445022234103,0,0.5136449758374618,51,Medium
Education,Study Abroad,1359000,84,10.14,43800,7600,0.69,0,526200,2.5826681870011403,Male,39,Single,0,Post Graduate,Self-Employed,Consultant,Chennai,Tamil Nadu,Family Owned,10,Verified,562,4,5,0,0,0,0,279000,68900,207,0.2469534050179211,3406.37,68571.12,19965.04,83479.09,12,-65164.74999999999,0.0496764527107038,0,0.6715621159007863,67,High
Gold,Gold Loan,493000,36,14.95,62400,6400,0.376,1,748600,0.6585626502805236,Female,44,Single,5,Graduate,Self-Employed,Freelance Designer,Delhi,Delhi,Mortgaged,17,Verified,719,3,1,0,0,0,0,252000,23400,231,0.0928571428571428,0.0,122473.44,6224.16,94699.65666666666,9,-122473.44,0.0,0,0.2525778037649155,25,Low
Personal,Medical Emergency,281000,48,11.32,67500,15900,0.344,1,810400,0.3467423494570582,Male,33,Married,3,Post Graduate,Salaried,HR Manager,Chandigarh,Chandigarh,Rented,4,Verified,663,3,5,2,0,0,0,708000,220900,143,0.3120056497175141,93999.17,85555.04000000001,0.0,130912.13875,8,8444.12999999999,1.0986982181295222,0,0.44733307157806174,45,Medium
Home,Plot Purchase,2022000,180,9.69,13200,3800,1.91,1,158000,12.79746835443038,Male,38,Single,3,Graduate,Salaried,Sales Executive,Mumbai,Maharashtra,Owned,8,Verified,622,2,0,3,0,0,0,39000,13500,176,0.3461538461538461,51289.91,9436.19,0.0,25417.01,8,41853.72,5.435446933561109,1,0.66235329038407,66,Medium
Personal,Debt Consolidation,1315000,24,13.26,53500,5900,1.282,0,642100,2.047967606291855,Female,50,Divorced,1,Post Graduate,Business Owner,Contractor,Gurugram,Haryana,Owned,8,Verified,734,7,2,1,0,0,0,288000,126100,335,0.4378472222222222,98911.77,50381.99,16264.85,93626.73857142856,7,48529.77999999999,1.9632366645303208,0,0.49124259404254084,49,Medium
Auto,Two Wheeler,1464000,84,12.42,136700,6000,0.235,1,1640800,0.8922476840565577,Male,51,Single,1,Professional Degree,Salaried,Analyst,Noida,Uttar Pradesh,Owned,16,Pending,699,1,2,0,0,0,0,1391000,548100,344,0.3940330697340043,243824.48,154217.91,0.0,264001.3777777778,9,89606.57,1.5810386744315237,0,0.2226008986740669,22,Low
Auto,Two Wheeler,1410000,60,10.82,22200,800,1.411,1,266400,5.292792792792793,Male,64,Married,1,Diploma,Salaried,Analyst,Chennai,Tamil Nadu,Rented,19,Verified,661,3,1,1,0,0,0,234000,61300,480,0.261965811965812,29503.4,14592.09,0.0,40259.032,5,14911.31,2.0218762356865945,0,0.6279270359306527,63,Medium
Personal,Wedding,1451000,84,15.49,35200,4500,0.935,0,422300,3.4359460099455363,Male,45,Married,3,Post Graduate,Salaried,Nurse,Mumbai,Maharashtra,Rented,22,Pending,556,4,5,4,1,1,0,206000,68800,295,0.3339805825242718,6614.43,73602.96,3945.46,58522.195,12,-66988.53,0.0898663586355766,0,0.7829765378107748,78,High
Business,Working Capital,1812000,36,12.84,71500,600,0.86,0,858100,2.111641999766927,Male,45,Married,0,Post Graduate,Self-Employed,Architect,Nagpur,Maharashtra,Rented,21,Verified,646,6,1,1,0,0,0,236000,170200,277,0.7211864406779661,94560.18,54442.77,12163.16,117857.1,7,40117.41,1.736873050360957,1,0.55930419405008,56,Medium
Business,Equipment Purchase,561000,84,18.26,39200,8200,0.512,0,470400,1.1926020408163265,Male,21,Married,1,Post Graduate,Salaried,Teacher,Bhopal,Madhya Pradesh,Owned,3,Verified,731,4,2,0,0,0,0,340000,21100,6,0.0620588235294117,52361.05,74123.31,801.87,63376.29363636363,11,-21762.259999999995,0.7064046384329032,0,0.2325323411108982,23,Low
Personal,Wedding,809000,24,13.26,29800,5000,1.464,0,357100,2.2654718566227947,Male,29,Married,1,Diploma,Self-Employed,Doctor (Practice),Gurugram,Haryana,Mortgaged,5,Pending,673,2,2,0,0,0,0,74000,31400,72,0.4243243243243243,39861.1,33925.74,4970.57,62153.04666666667,9,5935.360000000001,1.174951526481073,0,0.6341474691445872,63,Medium
Auto,Two Wheeler,724000,48,12.96,149200,18000,0.251,1,1790700,0.4043111632322555,Male,49,Single,0,Post Graduate,Salaried,Bank Officer,Pune,Maharashtra,Mortgaged,13,Pending,837,7,0,0,0,0,0,1122000,388200,313,0.3459893048128342,384122.09,93513.26,16560.97,226865.3927272727,11,290608.83,4.107675104044067,0,0.10369944670966452,10,Low
Home,Home Purchase,2334000,240,8.56,48800,1200,0.441,1,585600,3.985655737704918,Male,48,Single,5,Graduate,Self-Employed,Doctor (Practice),Delhi,Delhi,Owned,12,Verified,782,4,2,1,0,0,0,189000,101700,296,0.5380952380952381,45661.55,89224.48,11396.95,73700.93818181819,11,-43562.92999999999,0.5117603375217206,0,0.2635704135624398,26,Low
Gold,Gold Loan,42000,24,11.58,28100,6300,0.294,1,337200,0.1245551601423487,Female,34,Married,1,Graduate,Salaried,Software Engineer,Chennai,Tamil Nadu,Rented,4,Pending,621,4,1,4,1,0,0,216000,129400,132,0.5990740740740741,61170.07,26717.66,0.0,50976.50222222223,9,34452.41,2.2894995295246665,0,0.5788791671543787,58,Medium
Auto,Used Car,1068000,48,11.74,117100,26800,0.468,1,1405000,0.7601423487544484,Male,28,Married,2,Post Graduate,Salaried,Nurse,Mysuru,Karnataka,Mortgaged,10,Verified,794,2,3,0,0,0,0,616000,99800,69,0.162012987012987,229677.85,68950.03,9108.14,210793.81500000003,6,160727.82,3.331076868276925,0,0.18624667990781058,19,Low
Auto,Two Wheeler,971000,60,12.63,40800,8400,0.742,1,490200,1.9808241534067728,Female,37,Single,0,Diploma,Business Owner,Manufacturer,Ahmedabad,Gujarat,Owned,6,Verified,692,4,1,0,0,0,0,286000,101800,175,0.3559440559440559,2278.14,66476.06999999999,15886.75,59671.18222222223,9,-64197.92999999999,0.0342700764350239,0,0.3992946332982715,40,Medium
Home,Home Purchase,1913000,60,9.16,43700,13000,1.21,1,524300,3.648674423040244,Male,34,Married,1,Graduate,Salaried,Teacher,Chennai,Tamil Nadu,Rented,13,Verified,711,2,1,0,0,0,0,222000,52600,128,0.2369369369369369,55298.61,91836.54,12164.63,59014.80909090909,11,-36537.92999999999,0.6021416965403967,1,0.5166292725867759,52,Medium
Auto,Used Car,1518000,12,12.93,70200,500,1.937,1,842800,1.8011390602752728,Female,35,Single,2,Professional Degree,Salaried,HR Manager,Mumbai,Maharashtra,Family Owned,7,Verified,711,5,2,0,0,0,0,457000,213400,161,0.4669584245076586,0.0,113126.67,38981.59,132797.53666666668,9,-113126.67,0.0,0,0.5268905307039073,53,Medium
Education,Study Abroad,261000,60,9.89,78000,26700,0.413,0,936200,0.2787865840632343,Female,50,Married,0,Post Graduate,Salaried,Bank Officer,Chandigarh,Chandigarh,Mortgaged,3,Verified,767,6,2,0,0,0,0,692000,49100,323,0.0709537572254335,130071.81,107317.31,7100.99,123415.87,10,22754.50000000001,1.2120301002699378,0,0.21020533603938982,21,Low
Personal,Medical Emergency,122000,24,12.25,48100,2300,0.168,0,576900,0.2114751256716935,Female,52,Married,0,Graduate,Salaried,Software Engineer,Pune,Maharashtra,Mortgaged,23,Verified,689,3,2,1,0,0,0,454000,19500,337,0.0429515418502202,87969.04,53695.26,14833.74,92260.00272727272,11,34273.77999999999,1.6383017793376915,0,0.38088251582817645,38,Medium
Education,Higher Studies India,3270000,36,11.88,112500,21200,1.152,0,1350300,2.421684070206621,Female,43,Married,1,Graduate,Salaried,Sales Executive,Bengaluru,Karnataka,Rented,5,Verified,775,3,0,0,0,1,0,710000,173200,263,0.2439436619718309,246028.41,99465.8,0.0,260407.126,10,146562.61,2.47349752377199,1,0.4237560784421735,42,Medium
Gold,Gold Loan,435000,12,11.5,36700,10500,1.336,1,440600,0.9872900590104404,Male,24,Single,2,Post Graduate,Retired,Retired Government Employee,Nagpur,Maharashtra,Owned,6,Verified,619,5,0,2,0,0,0,147000,77900,14,0.5299319727891156,70087.91,17551.120000000003,2225.15,66879.7,7,52536.79,3.993358258618253,1,0.5959108439698356,60,Medium
Gold,Gold Loan,66000,36,9.1,37600,2100,0.112,1,451400,0.1462117855560478,Male,26,Married,0,Post Graduate,Salaried,Nurse,Ahmedabad,Gujarat,Mortgaged,8,Verified,660,4,0,0,0,0,0,317000,67500,43,0.2129337539432176,34973.08,63282.42,20962.25,54582.60111111111,9,-28309.34,0.5526507993847265,0,0.27720275770940594,28,Low
Education,Skill Certification,1913000,60,9.72,18600,1500,2.247,0,223700,8.551631649530622,Male,24,Married,1,Graduate,Salaried,Sales Executive,Hyderabad,Telangana,Rented,6,Verified,570,2,2,2,2,0,0,188000,68200,32,0.3627659574468085,0.0,22719.99,6154.45,21197.20833333333,6,-22719.99,0.0,1,0.8015412918316003,80,High
Personal,Debt Consolidation,886000,24,20.99,66800,2800,0.723,0,801700,1.1051515529499814,Male,52,Married,2,Post Graduate,Business Owner,Restaurant Owner,Delhi,Delhi,Owned,15,Pending,708,3,1,0,0,0,0,660000,141900,329,0.215,24654.05,67116.8,10419.73,99625.28833333332,6,-42462.75,0.3673305342328597,0,0.31695195701027906,32,Low
Gold,Gold Loan,676000,36,9.89,44000,5800,0.627,1,527400,1.2817595752749336,Female,40,Married,2,Post Graduate,Salaried,Nurse,Mumbai,Maharashtra,Rented,20,Verified,833,4,2,0,0,0,0,339000,39300,208,0.115929203539823,124554.04,42251.57,0.0,91230.22090909092,11,82302.47,2.947915071558288,1,0.2611674440174749,26,Low
Gold,Gold Loan,387000,36,12.9,48600,9700,0.467,1,583300,0.6634664837990742,Male,39,Single,0,Graduate,Salaried,Teacher,Kolkata,West Bengal,Rented,12,Verified,712,3,2,1,0,0,0,456000,59700,192,0.1309210526315789,100597.09,66635.98,968.66,78694.45,10,33961.11,1.5096512424669075,0,0.36906959882471246,37,Medium
Home,Home Construction,6978000,180,8.16,70500,3400,1.004,1,845800,8.250177346890517,Male,40,Single,2,Professional Degree,Retired,Retired Government Employee,Indore,Madhya Pradesh,Owned,3,Verified,679,2,0,1,0,0,0,265000,117100,183,0.4418867924528302,109709.01,84245.32,19075.73,142869.11875,8,25463.69,1.3022564339479037,0,0.4674981640971702,47,Medium
Gold,Gold Loan,178000,36,11.32,19300,4800,0.553,1,231100,0.7702293379489399,Male,36,Married,1,Diploma,Salaried,Teacher,Jaipur,Rajasthan,Rented,1,Pending,669,2,0,1,0,0,0,145000,45100,152,0.3110344827586206,5056.41,37350.92,10805.93,20191.0825,8,-32294.51,0.1353757819084509,0,0.38864775608205954,39,Medium
Education,Higher Studies India,245000,12,9.61,122100,18300,0.326,0,1465100,0.1672240802675585,Female,40,Single,4,Post Graduate,Business Owner,Contractor,Lucknow,Uttar Pradesh,Owned,8,Verified,718,5,3,1,0,0,0,383000,95400,203,0.2490861618798955,0.0,117774.16,0.0,168357.81857142856,7,-117774.16,0.0,0,0.22905230781224542,23,Low
Home,Plot Purchase,1625000,240,9.45,57200,6200,0.372,1,686900,2.36570097539671,Female,45,Single,1,Post Graduate,Salaried,Analyst,Surat,Gujarat,Mortgaged,3,Pending,667,3,1,0,0,0,0,390000,113500,269,0.291025641025641,49441.81,78868.12,8360.14,81268.57555555555,9,-29426.31,0.6268922094250503,0,0.16918447282691138,17,Low
Gold,Gold Loan,347000,12,12.3,131400,2300,0.253,1,1576200,0.2201497271919807,Female,45,Single,2,Professional Degree,Self-Employed,Architect,Mysuru,Karnataka,Family Owned,7,Verified,727,4,1,0,0,0,0,1196000,194900,283,0.1629598662207358,258177.76,101869.23,40386.12,207789.33222222223,9,156308.53000000003,2.5344037645126014,0,0.23544034284749538,24,Low
Personal,Home Renovation,721000,24,20.17,49200,16800,1.088,1,590600,1.2207924144937352,Female,25,Married,1,Graduate,Salaried,Sales Executive,Surat,Gujarat,Family Owned,6,Verified,672,1,1,0,0,0,0,387000,68900,16,0.1780361757105943,16070.97,32878.1,16974.629999999997,71560.99875,8,-16807.129999999997,0.4888047058680398,0,0.4508367225355425,45,Medium
Business,Equipment Purchase,842000,24,17.04,104800,8800,0.481,0,1257500,0.6695825049701789,Male,47,Single,3,Graduate,Business Owner,Restaurant Owner,Noida,Uttar Pradesh,Family Owned,24,Pending,821,8,1,0,0,0,0,896000,52900,278,0.0590401785714285,192720.71,124985.95,3748.78,172810.9833333333,12,67734.76000000002,1.5419389939429191,0,0.16356628844816273,16,Low
Gold,Gold Loan,128000,24,12.42,25900,5300,0.439,1,310300,0.4125040283596519,Male,23,Single,3,Diploma,Self-Employed,Architect,Bhopal,Madhya Pradesh,Family Owned,5,Verified,507,3,1,2,0,1,0,182000,54100,13,0.2972527472527472,9072.06,41606.7,11291.17,25343.395,8,-32534.64,0.2180432478422946,1,0.7830240338469374,78,High
Personal,Wedding,1103000,60,22.96,96100,6200,0.388,0,1153000,0.9566348655680832,Male,41,Widowed,0,Professional Degree,Salaried,HR Manager,Pune,Maharashtra,Mortgaged,14,Verified,816,4,2,0,0,0,0,902000,140700,212,0.1559866962305986,230385.65,116096.99,0.0,172847.77875,8,114288.66,1.984423971715373,0,0.16083434939883595,16,Low
Personal,Debt Consolidation,1251000,60,22.19,61500,400,0.57,0,738400,1.6942036836403034,Female,42,Married,1,Diploma,Self-Employed,Freelance Designer,Jaipur,Rajasthan,Rented,21,Verified,718,5,0,0,0,0,0,535000,375600,212,0.7020560747663551,146008.28,43402.07,17739.77,108629.41111111113,9,102606.21,3.3640856300171857,0,0.37347421536978254,37,Medium
Education,Skill Certification,2948000,48,9.65,92600,26100,1.084,0,1110800,2.6539431040691395,Male,41,Married,1,Diploma,Salaried,Bank Officer,Indore,Madhya Pradesh,Family Owned,0,Pending,792,6,0,0,0,0,0,784000,64300,245,0.0820153061224489,85807.18,100274.69,46026.56,131535.24599999998,5,-14467.51000000001,0.8557212193824781,0,0.29462839986921247,29,Low
Gold,Gold Loan,378000,36,13.1,87500,16400,0.333,1,1049700,0.3601028865390111,Female,21,Married,0,Professional Degree,Self-Employed,Consultant,Ahmedabad,Gujarat,Rented,3,Verified,747,6,1,0,0,0,0,373000,69000,6,0.1849865951742627,53689.21,43006.490000000005,0.0,143724.465,4,10682.719999999994,1.2483978580907205,0,0.2367172832800348,24,Low
Gold,Gold Loan,528000,24,13.28,75300,25900,0.678,1,904000,0.584070796460177,Male,42,Widowed,1,Post Graduate,Business Owner,Trader,Kolkata,West Bengal,Mortgaged,11,Verified,681,4,3,0,0,0,0,199000,45600,217,0.229145728643216,68633.85,76657.22,0.0,124843.5,6,-8023.369999999995,0.8953344512102057,0,0.3953164297537676,40,Medium
Education,Skill Certification,779000,84,12.08,42600,2900,0.392,0,511200,1.523865414710485,Male,21,Married,0,Graduate,Salaried,Bank Officer,Mysuru,Karnataka,Rented,3,Pending,657,3,0,1,0,0,0,326000,23800,6,0.0730061349693251,137064.11,36708.17,14478.9,77878.678,10,100355.94,3.733885671772796,0,0.36989510472911097,37,Medium
Education,Skill Certification,2285000,60,10.83,47700,4400,1.13,0,572200,3.9933589653967134,Female,43,Married,4,High School,Salaried,Software Engineer,Surat,Gujarat,Rented,9,Verified,564,1,3,1,1,0,0,203000,103500,261,0.5098522167487685,41481.42,36260.990000000005,1853.4,53088.50666666666,6,5220.429999999993,1.1439682148777512,0,0.6416406779257452,64,Medium
Education,Higher Studies India,294000,24,9.72,91000,18800,0.355,0,1091400,0.2693787795492028,Male,44,Married,0,Professional Degree,Business Owner,Restaurant Owner,Chennai,Tamil Nadu,Mortgaged,15,Verified,666,3,3,1,0,0,0,579000,164400,284,0.2839378238341969,84582.79,116937.35,20289.06,116600.48799999998,10,-32354.56000000001,0.7233171437526161,0,0.4913270222922871,49,Medium
Auto,New Car,247000,84,12.61,33500,7100,0.344,1,402100,0.6142750559562298,Female,40,Widowed,3,Graduate,Self-Employed,Chartered Accountant,Bengaluru,Karnataka,Rented,6,Verified,684,3,1,2,0,0,0,314000,99500,195,0.3168789808917197,6600.12,51157.54,28630.71,51736.693750000006,8,-44557.42,0.129015585972273,0,0.43021776956270497,43,Medium
Gold,Gold Loan,699000,36,13.1,126200,15200,0.307,1,1514000,0.4616908850726552,Male,29,Single,2,Post Graduate,Salaried,Sales Executive,Chandigarh,Chandigarh,Family Owned,3,Pending,776,1,1,0,0,0,0,806000,241800,106,0.3,136757.76,142107.11,29066.89,223621.04,7,-5349.349999999977,0.9623569151466104,0,0.1405966513265992,14,Low
Personal,Debt Consolidation,1196000,84,16.84,36800,2300,0.724,0,441300,2.71017448447768,Male,46,Married,4,Post Graduate,Retired,Retired Private Sector,Mysuru,Karnataka,Mortgaged,2,Verified,565,3,3,4,0,0,0,192000,62000,307,0.3229166666666667,32635.49,26919.49,0.0,70529.12166666666,6,5716.0,1.2123368607651928,0,0.6677745083134576,67,High
Home,Home Construction,4224000,84,9.91,10000,2900,3.0,1,120000,35.2,Female,25,Married,0,Graduate,Unemployed,Homemaker,Mysuru,Karnataka,Rented,7,Verified,434,4,2,1,0,1,0,40000,23800,50,0.595,16044.48,9540.45,2403.68,16062.305555555557,9,6504.030000000001,1.6817319937738788,1,0.9367065317195447,94,High
Personal,Travel,381000,84,19.19,106200,25900,0.322,0,1274800,0.2988704110448698,Male,21,Married,2,Post Graduate,Business Owner,Manufacturer,Delhi,Delhi,Rented,3,Pending,768,2,1,0,0,0,0,534000,163400,11,0.3059925093632958,7690.21,62257.33,0.0,202564.25333333333,6,-54567.12,0.1235229650870026,0,0.13182509796391845,13,Low
Education,Skill Certification,862000,84,10.61,79200,1400,0.202,0,951000,0.9064143007360672,Male,26,Married,0,Graduate,Self-Employed,Freelance Designer,Hyderabad,Telangana,Mortgaged,8,Pending,744,7,2,1,0,0,0,339000,54900,20,0.1619469026548672,76406.81,151492.44,57881.37,97501.1,11,-75085.63,0.5043605476286473,0,0.23758429732013941,24,Low
Personal,Travel,257000,36,16.36,35600,9600,0.524,1,427500,0.6011695906432749,Female,26,Single,2,High School,Salaried,Accountant,Jaipur,Rajasthan,Owned,8,Verified,748,2,1,1,0,0,0,180000,110900,69,0.6161111111111112,32648.15,31158.11,10787.36,54070.17285714286,7,1490.0400000000009,1.047821899338567,0,0.28856211421229816,29,Low
Gold,Gold Loan,169000,24,9.01,19500,5900,0.699,1,233700,0.7231493367565255,Male,37,Widowed,0,Diploma,Salaried,Teacher,Coimbatore,Tamil Nadu,Mortgaged,4,Verified,545,5,2,1,1,0,0,69000,47800,164,0.6927536231884058,0.0,24248.42,9098.02,30996.248571428576,7,-24248.42,0.0,1,0.6813052539330611,68,High
Business,Equipment Purchase,3993000,24,19.14,15900,3800,3.0,0,191100,20.89481946624804,Female,44,Married,1,High School,Salaried,Analyst,Kochi,Kerala,Owned,23,Verified,619,6,2,2,1,0,0,40000,4700,251,0.1175,17627.45,8076.23,0.0,27758.836,5,9551.22,2.182633481215864,1,0.7740969920155542,77,High
Personal,Travel,1182000,36,21.66,191600,35900,0.422,0,2299800,0.513957735455257,Male,49,Married,1,Diploma,Salaried,Nurse,Hyderabad,Telangana,Owned,0,Verified,852,3,3,0,0,0,0,725000,79000,308,0.1089655172413793,68849.79,89773.31,0.0,315466.3933333333,6,-20923.520000000004,0.7669293913747861,0,0.08846678648804963,9,Low
Personal,Debt Consolidation,108000,60,13.96,10000,2400,0.491,0,120000,0.9,Female,36,Married,1,Graduate,Unemployed,Student,Nagpur,Maharashtra,Owned,0,Verified,482,6,2,2,2,1,0,103000,35000,190,0.3398058252427184,31970.87,6479.66,528.1,20467.620000000003,9,25491.21,4.934035119126621,0,0.7587715812718218,76,High
Personal,Home Renovation,647000,60,13.45,31400,6000,0.664,0,377100,1.7157252718111906,Female,21,Divorced,0,High School,Business Owner,Manufacturer,Delhi,Delhi,Rented,3,Pending,675,3,1,0,0,0,0,203000,108400,6,0.5339901477832513,36624.16,12646.58,0.0,50074.25199999999,5,23977.579999999994,2.895973456855529,0,0.3647058293242654,36,Medium
Home,Balance Transfer,11666000,60,8.87,149300,32600,1.835,1,1791800,6.510771291438776,Female,42,Single,2,Post Graduate,Business Owner,Contractor,Jaipur,Rajasthan,Rented,16,Pending,677,1,2,2,0,0,0,687000,253500,220,0.3689956331877729,552382.4299999999,143126.81,0.0,230415.1872727273,11,409255.62,3.8593917519715553,0,0.6623145785378846,66,Medium
Auto,Two Wheeler,454000,84,10.35,90600,30900,0.425,1,1086900,0.4177017204894654,Male,69,Married,1,Post Graduate,Salaried,Sales Executive,Indore,Madhya Pradesh,Owned,15,Verified,794,2,1,0,0,0,0,499000,33900,480,0.0679358717434869,83178.21,39298.490000000005,0.0,126011.1725,4,43879.72,2.116575217012155,0,0.21219069241366853,21,Low
Personal,Wedding,1168000,84,14.25,32200,2500,0.762,0,386800,3.0196483971044468,Female,44,Married,0,Graduate,Salaried,Sales Executive,Noida,Uttar Pradesh,Rented,13,Verified,715,5,1,0,0,0,0,102000,18600,279,0.1823529411764705,2711.42,22563.52,4955.58,59863.33400000001,5,-19852.1,0.1201683070726553,0,0.3476436850544443,35,Medium
Personal,Medical Emergency,1230000,12,17.81,174900,19400,0.755,0,2099000,0.5859933301572178,Male,39,Single,1,Post Graduate,Business Owner,Manufacturer,Kochi,Kerala,Owned,18,Pending,835,2,3,0,0,0,0,1224000,335400,190,0.2740196078431373,98220.25,267364.53,24128.94,222171.452,10,-169144.27999999997,0.3673645490671481,0,0.14284032721687337,14,Low
Personal,Debt Consolidation,908000,24,13.68,48800,6400,1.021,0,586100,1.549223681965535,Male,21,Married,0,Post Graduate,Salaried,Nurse,Nagpur,Maharashtra,Mortgaged,3,Pending,777,7,1,1,0,0,0,269000,27400,6,0.1018587360594795,111176.49,63033.59,0.0,89205.505,12,48142.90000000001,1.763765795348163,0,0.314491973762364,31,Low
Gold,Gold Loan,343000,24,14.72,25400,6400,0.904,1,305100,1.1242215666994428,Male,36,Married,3,High School,Salaried,HR Manager,Surat,Gujarat,Owned,4,Verified,632,3,1,2,0,0,0,154000,71000,163,0.461038961038961,0.0,9614.35,8097.69,38061.1375,4,-9614.35,0.0,1,0.5348968262100308,53,Medium
Auto,Used Car,1175000,60,11.63,44000,12400,0.871,1,527700,2.226643926473375,Female,59,Married,2,Post Graduate,Salaried,Nurse,Hyderabad,Telangana,Family Owned,12,Pending,721,7,2,0,0,0,0,400000,81600,455,0.204,39499.93,52832.86,5870.49,72870.34333333334,6,-13332.93,0.7476394425741858,1,0.3175609190242922,32,Low
Personal,Home Renovation,573000,60,21.08,74400,23700,0.527,0,892900,0.641729196998544,Male,28,Married,1,Graduate,Salaried,Analyst,Noida,Uttar Pradesh,Owned,9,Verified,709,3,2,0,0,0,0,419000,73700,55,0.1758949880668257,169637.02,43064.2,0.0,143321.4342857143,7,126572.82,3.939165710729562,0,0.24473842843883883,24,Low
Personal,Travel,335000,24,22.69,52900,15700,0.627,0,635000,0.5275590551181102,Male,43,Married,0,Graduate,Self-Employed,Chartered Accountant,Ahmedabad,Gujarat,Family Owned,18,Verified,640,5,1,1,1,0,0,303000,130000,252,0.429042904290429,94626.02,17185.83,0.0,138787.782,5,77440.18999999999,5.506048878640135,0,0.564938539666118,56,Medium
Auto,Used Car,2378000,48,13.23,64100,20500,1.319,1,769400,3.09072004159085,Female,30,Single,1,Graduate,Salaried,Accountant,Delhi,Delhi,Owned,12,Verified,668,3,2,0,0,0,0,361000,110100,71,0.3049861495844875,0.0,78794.89,8501.87,78249.486,5,-78794.89,0.0,0,0.4296816760240084,43,Medium
Home,Balance Transfer,10734000,180,10.13,34900,11300,3.0,1,418300,25.66100884532632,Male,36,Single,3,Graduate,Salaried,HR Manager,Chandigarh,Chandigarh,Owned,18,Verified,690,1,1,0,0,0,0,250000,107000,162,0.428,14415.66,68886.42,9284.05,39735.581,10,-54470.76,0.2092670805073046,0,0.763241091055149,76,High
Personal,Travel,1084000,24,18.66,58200,4800,1.019,0,697800,1.5534537116652336,Male,48,Widowed,1,Post Graduate,Salaried,Sales Executive,Nagpur,Maharashtra,Rented,18,Verified,820,3,0,0,0,0,0,355000,18800,332,0.0529577464788732,208367.63,32464.38,2841.02,95304.66272727272,11,175903.25,6.418346199742611,0,0.2650317630127797,27,Low
Education,Skill Certification,1448000,48,10.39,47400,12800,1.051,1,568800,2.5457102672292544,Female,42,Married,3,High School,Salaried,Nurse,Kolkata,West Bengal,Owned,14,Verified,748,5,0,0,0,0,0,467000,149000,209,0.3190578158458244,32567.52,56724.380000000005,14716.18,70604.48000000001,9,-24156.860000000004,0.5741362003427802,0,0.3881467966097986,39,Medium
Personal,Travel,494000,36,13.09,77200,600,0.224,0,926300,0.5333045449638346,Male,50,Married,2,Graduate,Salaried,HR Manager,Lucknow,Uttar Pradesh,Owned,10,Verified,691,2,2,0,0,0,0,593000,91300,338,0.1539629005059022,203601.76,120797.56,7708.56,138639.05166666667,12,82804.20000000001,1.685479077557527,0,0.2883523624764941,29,Low
Business,Working Capital,3619000,84,12.58,122100,13400,0.642,0,1465100,2.470138557095079,Female,40,Single,4,Post Graduate,Business Owner,Contractor,Lucknow,Uttar Pradesh,Owned,8,Verified,718,5,3,1,0,0,0,383000,95400,203,0.2490861618798955,0.0,117774.16,0.0,168357.81857142856,7,-117774.16,0.0,1,0.24379511019463665,24,Low
Personal,Wedding,277000,84,18.43,73300,10500,0.224,0,879300,0.3150233139997725,Female,51,Married,2,Graduate,Self-Employed,Chartered Accountant,Bhopal,Madhya Pradesh,Mortgaged,0,Pending,708,4,1,0,0,0,0,572000,206500,359,0.361013986013986,82920.18,125014.8,17906.81,130039.95,10,-42094.62000000001,0.6632829073037751,0,0.30604329121744567,31,Low
Auto,Used Car,2496000,36,11.88,48000,11800,1.97,1,576000,4.333333333333333,Male,53,Divorced,2,Post Graduate,Salaried,Nurse,Indore,Madhya Pradesh,Family Owned,2,Verified,705,2,2,0,0,0,0,161000,61500,395,0.3819875776397515,21667.47,52149.49,0.0,83815.86600000001,10,-30482.02,0.4154876682399003,0,0.6625608268804357,66,Medium
Gold,Gold Loan,403000,24,10.51,16600,4400,1.392,1,199000,2.0251256281407035,Female,39,Married,3,Graduate,Salaried,Sales Executive,Lucknow,Uttar Pradesh,Rented,6,Verified,580,4,2,2,1,0,0,163000,55700,209,0.3417177914110429,47916.65,16683.32,7002.16,32838.865,8,31233.33,2.8721291685348,0,0.712839519989043,71,High
Personal,Medical Emergency,157000,12,11.81,41300,6600,0.498,0,495300,0.316979608318191,Female,33,Married,0,Graduate,Salaried,Accountant,Bhopal,Madhya Pradesh,Owned,0,Verified,690,3,2,1,0,0,0,308000,110300,140,0.3581168831168831,0.0,65520.08,10945.9,61856.56727272727,11,-65520.08,0.0,0,0.4749535983296573,47,Medium
Auto,New Car,1869000,60,9.08,33000,9900,1.478,1,396000,4.71969696969697,Male,52,Single,3,Graduate,Salaried,Analyst,Coimbatore,Tamil Nadu,Rented,2,Verified,664,6,4,0,0,1,0,235000,67700,335,0.2880851063829787,33106.94,51011.93,0.0,49649.50666666666,12,-17904.989999999998,0.6490038702711307,0,0.6540762561716551,65,Medium
Gold,Gold Loan,313000,24,14.22,46100,100,0.329,1,553300,0.5656967287185976,Female,35,Married,0,Graduate,Salaried,Analyst,Pune,Maharashtra,Rented,7,Pending,689,4,2,0,0,0,0,355000,83800,157,0.236056338028169,45045.83,57011.54,13800.01,56430.66166666666,6,-11965.71,0.7901177551071239,0,0.3101399410041797,31,Low
Personal,Travel,1057000,48,17.18,45300,11200,0.923,0,543400,1.94516010305484,Male,33,Married,2,Diploma,Salaried,Nurse,Coimbatore,Tamil Nadu,Owned,3,Verified,629,6,2,2,0,0,0,196000,37800,132,0.1928571428571428,39400.02,34447.95,0.0,84169.56,5,4952.07,1.143755143629737,0,0.5130508143342526,51,Medium
Auto,Two Wheeler,1306000,48,12.68,46400,13200,1.034,1,557300,2.3434415933967343,Male,41,Single,1,Graduate,Retired,Retired Government Employee,Hyderabad,Telangana,Owned,17,Verified,662,4,2,0,0,0,0,129000,34800,213,0.2697674418604651,41302.47,79720.42,22178.230000000003,65944.16333333333,12,-38417.95,0.5180914751828954,0,0.4810540287520082,48,Medium
Personal,Medical Emergency,410000,84,15.49,26000,6800,0.571,0,311800,1.3149454778704297,Female,21,Married,1,Graduate,Self-Employed,Chartered Accountant,Ahmedabad,Gujarat,Mortgaged,3,Pending,517,4,1,0,0,1,0,149000,47400,6,0.3181208053691275,8822.99,13474.05,0.0,21944.620000000003,4,-4651.060000000001,0.654813511898798,0,0.6511495485053296,65,Medium
Personal,Home Renovation,1342000,60,21.22,98800,15600,0.527,0,1186200,1.1313437868824818,Female,42,Single,1,Post Graduate,Business Owner,Manufacturer,Kolkata,West Bengal,Family Owned,10,Verified,634,5,2,3,0,0,0,990000,472200,246,0.476969696969697,279460.52,36884.91,0.0,179162.52166666664,6,242575.61,7.576554206042525,0,0.45746441139061644,46,Medium
Personal,Travel,724000,84,17.25,22500,7600,0.999,0,270400,2.6775147928994083,Male,39,Married,0,Diploma,Self-Employed,Freelance Designer,Chennai,Tamil Nadu,Rented,7,Verified,653,4,0,0,0,0,0,90000,23000,206,0.2555555555555555,67992.75,39510.59,11934.8,35810.08416666667,12,28482.160000000003,1.7208740745202744,0,0.5239753018220018,52,Medium
Home,Plot Purchase,5093000,48,10.38,94000,25400,1.654,1,1128000,4.515070921985815,Female,36,Married,1,Post Graduate,Business Owner,Trader,Indore,Madhya Pradesh,Rented,18,Verified,770,4,2,0,0,0,0,377000,147000,187,0.389920424403183,89997.62,58982.46,29609.28,198811.91166666665,6,31015.16,1.5258370030683697,0,0.5055831808571941,51,Medium
Education,Skill Certification,1562000,36,10.0,77100,17400,0.88,0,924900,1.688831224997297,Male,50,Married,2,Graduate,Salaried,Sales Executive,Ahmedabad,Gujarat,Owned,13,Pending,655,4,0,0,0,0,0,195000,102600,341,0.5261538461538462,37119.04,109480.1,27334.38,113588.61777777778,9,-72361.06,0.3390482836606835,0,0.4441746495724659,44,Medium
Business,Equipment Purchase,584000,84,19.89,129700,24500,0.289,0,1556700,0.3751525663262028,Female,24,Single,2,Graduate,Business Owner,Restaurant Owner,Gurugram,Haryana,Mortgaged,0,Verified,869,3,0,0,0,0,0,1092000,624600,28,0.5719780219780219,51874.31,109847.77,60664.8,175161.1,5,-57973.46000000001,0.4722381710616428,0,0.09160458548315092,9,Low
Auto,Used Car,1696000,84,10.81,51800,8600,0.723,1,622100,2.726249799067674,Male,56,Married,1,Diploma,Salaried,Sales Executive,Pune,Maharashtra,Rented,19,Pending,654,5,2,0,0,1,0,206000,52300,392,0.2538834951456311,98650.17,12090.969999999998,0.0,128185.11400000002,5,86559.2,8.158995514834626,0,0.5418287417153618,54,Medium
Personal,Medical Emergency,228000,24,22.75,25700,1600,0.525,0,308900,0.7381029459371965,Male,28,Married,1,Graduate,Self-Employed,Doctor (Practice),Hyderabad,Telangana,Mortgaged,10,Pending,631,0,1,1,0,0,0,192000,58000,62,0.3020833333333333,26845.25,39167.14,9892.490000000002,48277.63166666666,12,-12321.89,0.6854023551374954,1,0.4995827598329682,50,Medium
Auto,New Car,664000,48,12.66,36900,600,0.496,1,442600,1.500225937641211,Female,27,Single,1,Diploma,Business Owner,Retail Store Owner,Hyderabad,Telangana,Rented,5,Verified,522,4,3,2,2,0,0,370000,172800,63,0.467027027027027,72253.08,34410.83,7593.9,83159.54625,8,37842.25,2.0997191872442484,0,0.534294194948402,53,Medium
Personal,Wedding,93000,48,23.99,10000,2100,0.513,1,120000,0.775,Male,21,Single,0,Graduate,Unemployed,Not Employed,Lucknow,Uttar Pradesh,Rented,3,Verified,423,5,5,2,2,1,0,44000,14200,6,0.3227272727272727,10475.31,4431.4800000000005,2921.59,18589.32,4,6043.829999999999,2.363840071488532,1,0.7893673674690109,79,High
Personal,Wedding,1135000,60,22.82,121800,29600,0.505,0,1462200,0.7762276022431952,Female,58,Married,2,Post Graduate,Salaried,HR Manager,Ahmedabad,Gujarat,Owned,16,Pending,768,5,0,2,0,0,0,477000,9500,427,0.0199161425576519,0.0,116873.28,23566.72,280957.684,5,-116873.28,0.0,0,0.13113557726125358,13,Low
Personal,Travel,980000,12,22.73,77500,25500,1.518,0,929600,1.0542168674698795,Male,28,Married,0,Graduate,Business Owner,Retail Store Owner,Kochi,Kerala,Mortgaged,10,Verified,704,2,1,0,0,0,0,733000,162700,76,0.2219645293315143,74268.5,42221.58,0.0,161371.28749999998,4,32046.92,1.7590175450563432,1,0.4837791138988026,48,Medium
Auto,Used Car,1075000,24,10.69,36500,2000,1.424,1,437900,2.454898378625257,Male,24,Married,3,Post Graduate,Salaried,Accountant,Chennai,Tamil Nadu,Rented,6,Verified,756,5,1,2,0,0,0,368000,10300,48,0.0279891304347826,34130.38,62229.68,0.0,37944.35444444444,9,-28099.300000000003,0.5484582276495716,1,0.42482823873067527,42,Medium
Auto,New Car,337000,36,9.74,12000,800,0.968,1,144200,2.337031900138696,Female,48,Married,1,Diploma,Unemployed,Student,Lucknow,Uttar Pradesh,Rented,13,Verified,567,3,3,0,0,0,0,126000,66700,335,0.5293650793650794,44529.0,17969.08,0.0,23939.018181818185,11,26559.92,2.4780901415097487,1,0.6719333759909637,67,High
Business,Business Expansion,2648000,48,18.45,33500,11500,2.687,1,401500,6.595267745952677,Male,32,Widowed,1,Post Graduate,Salaried,Analyst,Gurugram,Haryana,Owned,14,Verified,686,1,1,0,0,0,0,260000,40800,135,0.1569230769230769,17878.78,38172.06,19169.24,55039.26111111111,9,-20293.28,0.4683734647802607,0,0.6654155344505503,67,High
Personal,Home Renovation,328000,48,16.82,143000,16200,0.179,0,1715800,0.1911644713836111,Female,45,Married,0,Post Graduate,Salaried,HR Manager,Chandigarh,Chandigarh,Rented,3,Pending,823,6,1,0,0,0,0,523000,20900,263,0.0399617590822179,0.0,63755.130000000005,20027.5,253341.1625,4,-63755.130000000005,0.0,0,0.06857784673397657,7,Low
Personal,Travel,600000,24,15.5,40200,2500,0.789,0,482400,1.243781094527363,Male,27,Married,2,Diploma,Self-Employed,Doctor (Practice),Gurugram,Haryana,Owned,9,Pending,613,6,2,1,1,0,0,410000,112300,62,0.2739024390243902,38963.0,69229.56,6354.59,76971.068,10,-30266.56,0.5628087192811857,1,0.5381714323003592,54,Medium
Personal,Debt Consolidation,1162000,36,15.3,60800,16400,0.935,0,729900,1.5919989039594464,Male,29,Married,2,Graduate,Business Owner,Manufacturer,Chandigarh,Chandigarh,Rented,9,Verified,572,3,3,2,1,0,0,520000,207000,49,0.398076923076923,145840.99,48931.93,2392.93,115043.444,10,96909.06,2.980487178821681,0,0.7205817346674045,72,High
Auto,Two Wheeler,1952000,60,10.96,53000,12800,1.042,1,635600,3.0711139081183134,Male,21,Married,1,Diploma,Salaried,Nurse,Hyderabad,Telangana,Rented,3,Pending,673,4,0,0,0,0,0,562000,229900,6,0.4090747330960854,0.0,38353.04,0.0,52825.942500000005,4,-38353.04,0.0,0,0.3773856462547034,38,Medium
Gold,Gold Loan,44000,12,10.5,46400,10700,0.314,1,557100,0.0789804343923891,Male,31,Widowed,4,Professional Degree,Business Owner,Manufacturer,Mumbai,Maharashtra,Rented,3,Verified,609,1,0,2,0,0,0,446000,255100,82,0.5719730941704035,24557.19,42223.08,25325.69,73992.152,10,-17665.89,0.5816058421128918,1,0.5636158464245624,56,Medium
Business,Business Expansion,345000,24,19.98,28800,900,0.64,0,346100,0.9968217278243282,Female,39,Single,2,Diploma,Self-Employed,Chartered Accountant,Chennai,Tamil Nadu,Rented,20,Verified,753,1,1,1,0,0,0,299000,50800,223,0.1698996655518394,0.0,24358.57,15488.41,42760.695,4,-24358.57,0.0,0,0.40236612279896067,40,Medium
Personal,Debt Consolidation,739000,36,20.49,66400,2800,0.458,0,797300,0.926878213972156,Female,42,Married,0,Diploma,Salaried,Sales Executive,Bhopal,Madhya Pradesh,Rented,5,Verified,749,3,0,0,0,0,0,470000,262700,254,0.558936170212766,40940.53,53540.0,4791.33,98870.09285714288,7,-12599.47,0.764671834142697,0,0.3079088615718606,31,Low
Personal,Travel,424000,24,19.88,35300,6500,0.796,0,423100,1.0021271567005436,Female,39,Married,0,Graduate,Self-Employed,Architect,Hyderabad,Telangana,Mortgaged,18,Pending,695,3,2,1,0,0,0,361000,125300,211,0.3470914127423822,98966.61,56780.62,0.0,67978.91454545454,11,42185.99,1.7429645889741956,0,0.5343150071050006,53,Medium
Business,Business Expansion,747000,48,19.32,27500,2500,0.909,1,329700,2.265696087352138,Male,41,Married,2,Graduate,Business Owner,Contractor,Chennai,Tamil Nadu,Owned,6,Verified,659,10,1,1,0,0,0,242000,119300,207,0.4929752066115702,76229.25,34331.02,0.0,37682.63333333333,9,41898.23,2.2204190262916748,0,0.5134688753437364,51,Medium
Personal,Medical Emergency,965000,36,14.58,64600,15800,0.76,0,774900,1.245321977029294,Female,42,Single,3,Post Graduate,Self-Employed,Architect,Chandigarh,Chandigarh,Owned,22,Pending,711,2,2,0,0,0,0,281000,183500,252,0.6530249110320284,111485.74,133176.94,58006.01,114264.97454545456,11,-21691.2,0.837124955716808,0,0.39749347693915393,40,Medium
Personal,Travel,243000,48,16.04,69900,4700,0.166,0,839200,0.2895614871306006,Male,45,Married,1,Diploma,Business Owner,Restaurant Owner,Chennai,Tamil Nadu,Rented,22,Verified,692,2,2,1,0,0,0,431000,240900,248,0.5589327146171694,128093.84,150266.7,30829.32,78776.435,10,-22172.86000000001,0.8524432891651975,1,0.39776786432604777,40,Medium
Personal,Travel,476000,24,12.21,88400,23000,0.514,0,1060500,0.4488448844884488,Male,50,Single,1,Post Graduate,Salaried,Analyst,Mumbai,Maharashtra,Rented,18,Verified,674,2,2,0,0,0,0,920000,106700,308,0.1159782608695652,241841.85,182436.31,45166.07,143473.2933333333,12,59405.53999999998,1.325623446341356,0,0.2539338709057586,25,Low
Personal,Wedding,781000,60,17.83,30000,700,0.681,0,360400,2.1670366259711438,Female,32,Single,2,High School,Self-Employed,Chartered Accountant,Bengaluru,Karnataka,Rented,14,Verified,669,4,2,0,0,0,0,188000,15600,85,0.0829787234042553,29578.46,22351.15,7011.87,47475.645,4,7227.309999999998,1.323352937097196,0,0.3971624909651104,40,Medium
Auto,Used Car,285000,60,10.9,40700,4900,0.272,1,488500,0.5834186284544524,Female,44,Married,3,Post Graduate,Salaried,Teacher,Nagpur,Maharashtra,Mortgaged,9,Verified,725,7,2,0,0,0,0,178000,73200,249,0.4112359550561797,38137.24,36004.83,1298.15,54248.17875,8,2132.409999999996,1.0592256650010567,0,0.23572669744256883,24,Low
Business,Working Capital,335000,12,14.35,44200,3800,0.768,0,530300,0.6317178955308316,Female,46,Married,1,Graduate,Salaried,Bank Officer,Mysuru,Karnataka,Mortgaged,11,Verified,724,4,2,0,0,0,0,394000,161900,257,0.4109137055837563,141425.82,50701.87,9039.580000000002,85110.82166666667,12,90723.95,2.78936102356777,0,0.4588723798411122,46,Medium
Home,Home Purchase,2682000,24,9.01,122100,21400,1.179,1,1465100,1.8305917684799675,Male,37,Married,1,Post Graduate,Salaried,Software Engineer,Hyderabad,Telangana,Mortgaged,12,Pending,773,4,1,1,0,0,0,714000,216300,162,0.3029411764705882,20864.29,147162.15,16303.69,168259.64142857143,7,-126297.86,0.1417775562534252,0,0.2815481380624034,28,Low
Home,Balance Transfer,5424000,120,8.52,262100,60400,0.487,1,3145500,1.7243681449690034,Female,31,Single,3,Post Graduate,Salaried,Analyst,Hyderabad,Telangana,Family Owned,6,Verified,837,5,0,2,0,0,0,1012000,614300,124,0.6070158102766798,312866.88,117036.39,0.0,477717.715,4,195830.49,2.673244449867259,0,0.0873955846805953,9,Low
Auto,Two Wheeler,234000,48,12.58,105900,24900,0.294,1,1270600,0.1841649614355422,Male,24,Married,0,Graduate,Self-Employed,Lawyer,Nagpur,Maharashtra,Rented,6,Verified,677,4,2,1,0,0,0,995000,336300,6,0.3379899497487437,349043.29,89937.59,0.0,210573.29,11,259105.7,3.880950000995135,0,0.38522480207003285,39,Medium
Auto,Used Car,1125000,60,11.67,36100,6800,0.876,1,433400,2.595754499307799,Female,43,Married,1,Graduate,Salaried,HR Manager,Kochi,Kerala,Owned,24,Verified,676,0,2,0,0,0,0,353000,77000,264,0.2181303116147308,0.0,12870.47,0.0,58729.9125,4,-12870.47,0.0,0,0.4962781497733654,50,Medium
Personal,Wedding,110000,24,13.62,31600,3500,0.277,0,378900,0.2903140670361573,Male,49,Married,1,Post Graduate,Salaried,Teacher,Indore,Madhya Pradesh,Family Owned,3,Verified,620,2,1,1,0,0,0,326000,164600,290,0.5049079754601227,29536.54,24474.57,0.0,62466.345,4,5061.970000000001,1.2068256970398257,0,0.49055067544510506,49,Medium
Auto,New Car,435000,36,10.87,64800,22300,0.563,1,778000,0.5591259640102828,Female,28,Single,0,Graduate,Salaried,HR Manager,Kochi,Kerala,Owned,10,Pending,752,5,1,0,0,0,0,225000,21800,82,0.0968888888888888,0.0,68115.22,17327.34,108669.154,5,-68115.22,0.0,0,0.19447902901802286,19,Low
Personal,Wedding,296000,60,16.59,40600,6100,0.33,1,486700,0.6081775220875283,Male,21,Married,0,Post Graduate,Salaried,Nurse,Bhopal,Madhya Pradesh,Rented,3,Verified,721,3,1,0,0,0,0,131000,10200,6,0.0778625954198473,83393.08,39252.37,0.0,65699.7475,12,44140.71,2.124536174503603,0,0.2834083228112974,28,Low
Gold,Gold Loan,402000,24,11.17,13200,2700,1.628,1,158200,2.541087231352718,Male,34,Widowed,1,Graduate,Salaried,Nurse,Gurugram,Haryana,Family Owned,3,Verified,593,4,2,2,2,0,0,41000,14500,132,0.3536585365853658,11219.32,11086.05,6111.07,21992.201666666664,6,133.27000000000044,1.0120214142999535,0,0.7671804016892803,77,High
Personal,Debt Consolidation,194000,60,11.87,100800,100,0.044,0,1209100,0.1604499214291621,Female,62,Married,1,High School,Salaried,Accountant,Gurugram,Haryana,Rented,21,Verified,722,4,1,0,0,0,0,335000,176200,477,0.5259701492537313,108047.33,130133.64,0.0,191217.06000000003,7,-22086.31,0.8302797800783871,0,0.20110284879241738,20,Low
Gold,Gold Loan,270000,36,10.21,47400,13900,0.478,1,568900,0.4746001054666901,Male,21,Married,1,Post Graduate,Salaried,Teacher,Kolkata,West Bengal,Owned,3,Verified,617,3,2,1,0,0,0,468000,398300,6,0.851068376068376,66086.34999999999,74480.18000000001,14971.15,67245.00272727273,11,-8393.830000000016,0.8873011585095523,0,0.5097824744776548,51,Medium
Personal,Debt Consolidation,303000,36,22.8,57200,1600,0.232,0,686900,0.4411122434124326,Female,45,Single,1,Post Graduate,Salaried,Analyst,Surat,Gujarat,Mortgaged,3,Pending,667,3,1,0,0,0,0,390000,113500,269,0.291025641025641,49441.81,78868.12,8360.14,81268.57555555555,9,-29426.31,0.6268922094250503,0,0.20384150441178642,20,Low
Auto,Two Wheeler,1810000,12,12.46,130600,18100,1.373,1,1567400,1.1547786142656629,Male,44,Single,2,Post Graduate,Retired,Retired Government Employee,Chennai,Tamil Nadu,Mortgaged,13,Verified,711,4,1,0,0,0,0,1035000,328100,255,0.3170048309178744,353785.76,104458.26,0.0,237352.10888888888,9,249327.5,3.3868624654479214,0,0.40182030272952574,40,Medium
Personal,Home Renovation,1247000,12,23.07,27600,8900,3.0,0,330900,3.768510123904503,Female,41,Divorced,3,Post Graduate,Salaried,Analyst,Gurugram,Haryana,Rented,17,Pending,660,5,1,0,0,0,0,216000,34100,217,0.1578703703703703,76344.01000000001,22537.09,5908.94,43813.985,8,53806.92000000001,3.387483033523849,1,0.6410691031877168,64,Medium
Home,Balance Transfer,11191000,180,8.86,66400,2000,1.727,1,796200,14.055513690027633,Female,34,Married,0,Post Graduate,Business Owner,Contractor,Bhopal,Madhya Pradesh,Owned,9,Verified,685,3,2,2,0,0,0,646000,253200,157,0.3919504643962848,145897.99000000002,85329.42,18924.04,88664.91500000001,10,60568.57000000002,1.709820481611149,0,0.7215491910622579,72,High
Gold,Gold Loan,586000,36,13.43,64200,14500,0.536,1,770100,0.7609401376444618,Male,27,Widowed,4,Professional Degree,Salaried,Bank Officer,Chennai,Tamil Nadu,Owned,9,Verified,648,3,1,3,0,0,0,165000,49300,65,0.2987878787878787,123559.94,61223.85,0.0,122769.095,8,62336.09,2.018166776509481,1,0.48093101004150995,48,Medium
Education,Skill Certification,1296000,48,10.98,39900,3800,0.934,0,479000,2.7056367432150314,Male,37,Widowed,0,High School,Salaried,Nurse,Chennai,Tamil Nadu,Rented,1,Pending,677,4,1,1,0,0,0,236000,103800,157,0.4398305084745763,45475.310000000005,30493.74,0.0,65891.05428571429,7,14981.570000000009,1.4912998536748856,0,0.5412506767372589,54,Medium
Personal,Home Renovation,1430000,48,11.62,122100,32700,0.574,0,1465100,0.9760425909494232,Female,40,Single,4,Post Graduate,Business Owner,Contractor,Lucknow,Uttar Pradesh,Owned,8,Verified,718,5,3,1,0,0,0,383000,95400,203,0.2490861618798955,0.0,117774.16,0.0,168357.81857142856,7,-117774.16,0.0,0,0.22437120393285004,22,Low
Gold,Gold Loan,394000,12,13.76,51300,4600,0.778,1,615900,0.6397142393245657,Female,42,Married,0,Graduate,Business Owner,Manufacturer,Kochi,Kerala,Mortgaged,23,Pending,676,0,1,0,0,0,0,274000,18900,234,0.068978102189781,11325.68,142812.08,13272.81,77912.97916666667,12,-131486.4,0.0793047758985094,1,0.4675161226178525,47,Medium
Auto,Two Wheeler,1886000,60,9.99,36100,5000,1.248,1,433200,4.353647276084949,Female,30,Married,0,Graduate,Salaried,Bank Officer,Lucknow,Uttar Pradesh,Mortgaged,5,Pending,632,7,0,1,0,0,0,87000,34500,61,0.396551724137931,129190.43,20035.38,1079.07,69683.29000000001,7,109155.05,6.448114784945432,0,0.5310932154130313,53,Medium
Home,Plot Purchase,7760000,180,8.58,51500,8300,1.653,1,617700,12.562732718147968,Male,52,Married,0,Graduate,Salaried,Accountant,Bengaluru,Karnataka,Rented,2,Verified,722,2,2,1,0,0,0,316000,19000,352,0.060126582278481,24359.2,40745.850000000006,15548.15,69921.06333333334,6,-16386.650000000005,0.5978326627128897,0,0.5544611623562642,55,Medium
Personal,Wedding,899000,60,18.22,20100,800,1.183,0,240800,3.7333887043189367,Male,29,Married,4,Graduate,Salaried,Sales Executive,Mumbai,Maharashtra,Rented,1,Pending,627,4,2,1,0,1,0,94000,12000,59,0.1276595744680851,0.0,30537.29,0.0,32714.568333333333,6,-30537.29,0.0,0,0.5978946742648947,60,Medium
Personal,Home Renovation,314000,36,20.48,44000,1000,0.29,0,527400,0.5953735305271142,Female,40,Married,2,Post Graduate,Salaried,Nurse,Mumbai,Maharashtra,Rented,20,Verified,833,4,2,0,0,0,0,339000,39300,208,0.115929203539823,124554.04,42251.57,0.0,91230.22090909092,11,82302.47,2.947915071558288,0,0.1658537015356042,17,Low
Personal,Wedding,1014000,12,15.23,28200,3700,3.0,0,338200,2.998225901833235,Male,39,Married,2,Post Graduate,Salaried,Teacher,Delhi,Delhi,Owned,19,Verified,705,2,1,1,0,0,0,118000,10900,177,0.0923728813559322,74719.93,46384.78,0.0,57797.525,12,28335.149999999998,1.6108717126609202,1,0.7329913121028504,73,High
Personal,Wedding,140000,84,19.62,74300,9500,0.169,1,891900,0.1569682699854243,Female,22,Married,2,Post Graduate,Business Owner,Trader,Indore,Madhya Pradesh,Family Owned,4,Verified,650,6,1,0,0,0,0,732000,357200,6,0.4879781420765027,154922.36,26450.08,0.0,138232.674,5,128472.27999999998,5.8571603564148,1,0.28934693399148803,29,Low
Auto,New Car,831000,84,10.86,90600,16200,0.335,1,1086900,0.7645597571073696,Male,69,Married,1,Post Graduate,Salaried,Sales Executive,Indore,Madhya Pradesh,Owned,15,Verified,794,2,1,0,0,0,0,499000,33900,480,0.0679358717434869,83178.21,39298.490000000005,0.0,126011.1725,4,43879.72,2.116575217012155,0,0.1757223235729485,18,Low
Education,Higher Studies India,1893000,120,10.1,143100,4900,0.21,0,1717200,1.102375960866527,Male,39,Single,0,Professional Degree,Salaried,Accountant,Pune,Maharashtra,Family Owned,7,Verified,655,2,0,0,0,0,0,1365000,323500,194,0.236996336996337,265621.37,64016.73,32742.15,171156.578,5,201604.64,4.149249266558913,0,0.20562770932159413,21,Low
Home,Home Purchase,4796000,240,8.34,138600,10700,0.374,1,1662600,2.8846385179838805,Male,36,Married,1,Graduate,Business Owner,Trader,Mumbai,Maharashtra,Mortgaged,18,Verified,685,0,4,0,0,0,0,428000,393300,164,0.9189252336448598,120121.04,22850.48,0.0,236234.56,4,97270.56,5.256827865322742,0,0.42609645588896927,43,Medium
Auto,New Car,450000,48,13.26,93900,28700,0.435,1,1126600,0.3994319190484644,Male,47,Divorced,1,Graduate,Salaried,Teacher,Indore,Madhya Pradesh,Owned,1,Verified,710,5,1,0,0,1,0,930000,443600,279,0.4769892473118279,129368.58,188259.17,0.0,144807.12333333332,12,-58890.59000000001,0.6871834184757108,0,0.37028292557478626,37,Medium
Personal,Medical Emergency,358000,12,18.61,73500,18200,0.696,0,881600,0.4060798548094373,Female,47,Married,3,Post Graduate,Salaried,Software Engineer,Kolkata,West Bengal,Rented,3,Verified,733,5,1,0,0,0,0,540000,275400,267,0.51,0.0,47751.05,17679.36,109972.9175,4,-47751.05,0.0,0,0.2332397255621458,23,Low
Personal,Home Renovation,1406000,84,14.41,182600,53400,0.438,0,2191300,0.641628257198923,Female,47,Married,3,Graduate,Business Owner,Restaurant Owner,Mysuru,Karnataka,Owned,21,Verified,783,3,1,0,0,0,0,1791000,130700,286,0.0729759910664433,0.0,199503.98,0.0,326511.764,5,-199503.98,0.0,1,0.12459221785075271,12,Low
Gold,Gold Loan,137000,24,13.22,140600,15700,0.158,1,1687800,0.0811707548287711,Female,49,Widowed,2,Post Graduate,Salaried,Software Engineer,Mysuru,Karnataka,Mortgaged,1,Verified,795,5,0,0,0,0,0,595000,298700,305,0.5020168067226891,187678.38,152543.78,70734.94,228097.9463636364,11,35134.600000000006,1.230324697604845,0,0.10722324656142526,11,Low
Personal,Debt Consolidation,1440000,36,13.51,40300,6200,1.368,0,483200,2.980132450331126,Female,26,Married,0,Professional Degree,Business Owner,Retail Store Owner,Chandigarh,Chandigarh,Owned,2,Verified,680,5,0,0,0,0,0,243000,92600,49,0.3810699588477366,0.0,112441.63,19660.7,42851.691666666666,12,-112441.63,0.0,1,0.5081927000261465,51,Medium
Home,Plot Purchase,5753000,60,8.96,54500,1600,2.22,1,653700,8.800673091632246,Male,41,Married,0,Graduate,Salaried,Bank Officer,Gurugram,Haryana,Owned,14,Verified,758,4,3,0,0,0,0,170000,49300,194,0.29,51502.3,52937.82,3035.78,49466.52142857143,7,-1435.5199999999968,0.9728829029982724,0,0.6793967724418613,68,High
Personal,Home Renovation,488000,84,16.55,79800,19900,0.373,0,957700,0.5095541401273885,Female,44,Married,3,Graduate,Business Owner,Restaurant Owner,Coimbatore,Tamil Nadu,Owned,16,Verified,692,3,1,0,0,0,0,636000,276700,256,0.435062893081761,0.0,110930.98,3942.2,113308.3522222222,9,-110930.98,0.0,0,0.3197242454352457,32,Low
Home,Balance Transfer,6803000,180,8.09,55200,11200,1.386,1,662700,10.26558020220311,Female,52,Married,1,Graduate,Salaried,Nurse,Nagpur,Maharashtra,Mortgaged,11,Verified,726,8,1,0,0,0,0,364000,155400,356,0.4269230769230769,54031.91,106321.38,18196.78,82746.15454545454,11,-52289.47,0.5081942126785789,0,0.44006300933750964,44,Medium
Gold,Gold Loan,729000,36,12.7,28000,8100,1.163,1,335900,2.170288776421554,Male,21,Single,1,High School,Salaried,Nurse,Pune,Maharashtra,Rented,3,Verified,665,1,3,0,0,0,0,173000,36500,6,0.2109826589595375,48247.48,31204.28,0.0,49311.83181818182,11,17043.199999999997,1.5461814853603415,0,0.5308932121742542,53,Medium
Personal,Travel,345000,12,21.22,40100,200,0.807,0,481100,0.717106630638121,Female,30,Single,2,High School,Self-Employed,Architect,Bengaluru,Karnataka,Mortgaged,12,Verified,650,8,0,1,0,0,0,376000,250000,64,0.6648936170212766,43190.68,35764.51,0.0,78266.826,5,7426.169999999998,1.2076407589534988,0,0.4635967543193641,46,Medium
Personal,Home Renovation,583000,84,16.16,55700,11700,0.419,0,668400,0.8722321962896469,Female,21,Married,2,Professional Degree,Salaried,Software Engineer,Mysuru,Karnataka,Rented,0,Verified,714,2,1,0,0,0,0,375000,75800,6,0.2021333333333333,168036.01,70146.04000000001,17789.15,103788.71454545455,11,97889.97,2.395516696309585,0,0.20222599533610214,20,Low
Gold,Gold Loan,230000,12,14.73,61500,2900,0.384,1,738400,0.3114842903575298,Female,42,Married,1,Diploma,Self-Employed,Freelance Designer,Jaipur,Rajasthan,Rented,21,Verified,718,5,0,0,0,0,0,535000,375600,212,0.7020560747663551,146008.28,43402.07,17739.77,108629.41111111113,9,102606.21,3.3640856300171857,0,0.3860344372681334,39,Medium
Education,Higher Studies India,2752000,24,11.56,47300,9000,2.917,0,567700,4.847630790910692,Female,30,Married,0,Post Graduate,Salaried,Bank Officer,Gurugram,Haryana,Family Owned,1,Pending,646,4,3,0,0,0,0,156000,76000,104,0.4871794871794871,43971.74,52624.6,5373.44,49847.67125,8,-8652.86,0.8355738570934506,0,0.8019916549735508,80,High
Personal,Travel,1332000,60,22.65,33100,3400,1.229,0,397200,3.353474320241692,Female,41,Single,1,High School,Salaried,Bank Officer,Lucknow,Uttar Pradesh,Owned,3,Verified,626,4,2,2,0,0,0,346000,33900,213,0.0979768786127167,31524.69,15981.73,0.0,57334.7425,4,15542.959999999995,1.972545525421841,0,0.49810413766659545,50,Medium
Gold,Gold Loan,490000,12,14.32,55600,19400,1.141,1,667500,0.7340823970037453,Male,38,Married,3,Post Graduate,Salaried,Sales Executive,Bhopal,Madhya Pradesh,Owned,14,Verified,708,3,0,0,0,0,0,326000,170200,159,0.5220858895705521,104044.33,31313.34,16829.53,103136.59142857142,7,72730.99,3.322683878500346,0,0.4474200175306724,45,Medium
Personal,Travel,405000,36,18.82,84200,20600,0.42,0,1010500,0.400791687283523,Male,43,Married,0,Diploma,Self-Employed,Chartered Accountant,Lucknow,Uttar Pradesh,Mortgaged,11,Verified,671,6,0,0,0,0,0,220000,117500,234,0.5340909090909091,125266.47,57678.82,0.0,103806.965,8,67587.65,2.1717932162967277,0,0.3552824334846699,36,Medium
Auto,Two Wheeler,461000,60,12.93,28300,8900,0.685,1,339200,1.3590801886792452,Male,22,Single,4,Diploma,Salaried,Bank Officer,Kochi,Kerala,Owned,4,Verified,683,5,2,1,1,0,0,198000,64900,24,0.3277777777777778,46561.12,9081.69,0.0,63192.40666666667,6,37479.43,5.126922412018027,0,0.36526630273892796,37,Medium
Personal,Wedding,367000,36,22.25,58800,16300,0.517,0,705300,0.5203459520771303,Female,32,Single,0,Professional Degree,Salaried,Teacher,Jaipur,Rajasthan,Mortgaged,14,Pending,779,7,1,0,0,0,0,310000,6200,140,0.02,107474.96,52104.42,16444.59,94287.24583333332,12,55370.53999999999,2.062684125454232,0,0.15038953897672938,15,Low
Personal,Travel,609000,12,23.95,43200,7900,1.517,0,517900,1.1759026839158138,Male,21,Widowed,1,Graduate,Salaried,Analyst,Gurugram,Haryana,Rented,3,Verified,685,4,3,0,0,0,0,255000,52800,10,0.2070588235294117,129000.93,39868.27,0.0,67695.9875,8,89132.65999999999,3.235679150361929,1,0.4894178921092143,49,Medium
Gold,Gold Loan,221000,24,12.46,41600,3600,0.338,1,499200,0.4427083333333333,Male,27,Single,2,Graduate,Salaried,Software Engineer,Kolkata,West Bengal,Family Owned,9,Verified,630,2,0,5,1,0,0,241000,95700,48,0.3970954356846473,107698.8,13833.17,4044.49,105519.96142857142,7,93865.63,7.785547347426512,1,0.5462944572717408,55,Medium
Personal,Home Renovation,501000,84,21.33,68700,3900,0.225,0,824200,0.607862169376365,Male,28,Divorced,1,Post Graduate,Business Owner,Trader,Kolkata,West Bengal,Family Owned,10,Verified,699,2,0,0,0,1,0,249000,154400,61,0.6200803212851406,207665.35,30808.47,0.0,146866.54714285716,7,176856.88,6.740527848348198,0,0.29963513676898157,30,Low
Education,Skill Certification,2377000,60,10.29,133200,6400,0.43,0,1598500,1.4870190803878636,Female,40,Divorced,1,Diploma,Business Owner,Restaurant Owner,Mysuru,Karnataka,Rented,7,Pending,788,5,2,0,0,0,0,793000,104700,188,0.13203026481715,270060.0,186891.33,30560.01,238088.7433333333,9,83168.67000000001,1.4450108520282885,1,0.1915563358951146,19,Low
Gold,Gold Loan,203000,12,11.89,23600,5200,0.982,1,283800,0.715292459478506,Female,21,Single,1,Graduate,Salaried,Teacher,Jaipur,Rajasthan,Owned,3,Verified,588,1,5,1,0,0,0,65000,23400,6,0.36,0.0,32696.72,7269.16,21989.49666666667,6,-32696.72,0.0,0,0.6455343118089268,65,Medium
Home,Plot Purchase,7673000,60,9.95,70000,7100,2.428,1,840000,9.13452380952381,Female,34,Single,3,Professional Degree,Self-Employed,Consultant,Mysuru,Karnataka,Rented,1,Verified,683,4,3,0,0,0,0,535000,339200,127,0.6340186915887851,0.0,83745.02,21211.16,108581.738,5,-83745.02,0.0,1,0.7849508272822059,78,High
Auto,Two Wheeler,2354000,24,11.48,95300,20900,1.376,1,1144000,2.0576923076923075,Female,53,Married,0,Professional Degree,Self-Employed,Consultant,Jaipur,Rajasthan,Rented,5,Pending,653,3,0,0,0,0,0,925000,564200,389,0.609945945945946,5260.74,47295.41,22799.41,92682.0775,4,-42034.670000000006,0.1112315127408769,1,0.6050070766037587,61,Medium
Home,Balance Transfer,10009000,120,9.13,40300,8400,3.0,1,484100,20.67548027267093,Male,36,Single,0,Graduate,Retired,Retired Private Sector,Lucknow,Uttar Pradesh,Owned,17,Pending,683,2,1,0,0,0,0,282000,112200,155,0.3978723404255319,57842.66,30363.15,0.0,93892.82714285716,7,27479.51,1.9050282991059888,0,0.8275005292492784,83,High
Personal,Wedding,435000,36,11.07,52900,4000,0.345,0,634900,0.6851472672861868,Female,40,Married,3,Graduate,Business Owner,Retail Store Owner,Mysuru,Karnataka,Rented,8,Verified,670,2,2,0,0,0,0,255000,213700,215,0.8380392156862745,60366.03,56124.35,2177.82,90690.49375,8,4241.68,1.0755764654735422,0,0.4645197010217999,46,Medium
Home,Home Construction,11036000,60,10.31,49600,12900,3.0,1,594900,18.5510169776433,Female,24,Married,3,Post Graduate,Salaried,HR Manager,Hyderabad,Telangana,Mortgaged,6,Verified,688,5,3,1,1,0,0,133000,60600,6,0.4556390977443609,157245.52000000002,62046.23,8016.28,71615.68666666666,12,95199.29000000002,2.534328354841221,0,0.790239409687067,79,High
Personal,Wedding,1106000,84,13.44,84200,4200,0.292,0,1010000,1.0950495049504951,Female,42,Married,0,Graduate,Salaried,Nurse,Hyderabad,Telangana,Owned,4,Verified,819,4,1,0,0,0,0,272000,141700,253,0.5209558823529412,152669.97,103211.24,0.0,102735.15428571428,7,49458.73,1.4791990678534623,0,0.15724118310551574,16,Low
Auto,New Car,1067000,84,13.15,45100,13100,0.723,1,541200,1.9715447154471544,Male,21,Widowed,0,Graduate,Salaried,Teacher,Coimbatore,Tamil Nadu,Family Owned,2,Pending,720,7,2,0,0,0,0,406000,112500,6,0.2770935960591133,42022.36,43945.13,465.2,50762.83285714285,7,-1922.7699999999968,0.9562461187394372,0,0.3371840637979955,34,Medium
Personal,Debt Consolidation,682000,84,17.36,55900,7200,0.381,0,670400,1.0173031026252983,Male,49,Single,2,Graduate,Salaried,Analyst,Kolkata,West Bengal,Owned,19,Pending,706,4,0,0,0,0,0,245000,56100,340,0.2289795918367347,81662.23999999999,102423.86,34398.369999999995,88513.65166666667,12,-20761.62000000001,0.7972970360617144,0,0.22274391043651648,22,Low
Personal,Medical Emergency,790000,12,21.5,18100,4000,3.0,0,217400,3.633854645814168,Male,31,Married,1,Graduate,Salaried,Sales Executive,Jaipur,Rajasthan,Rented,2,Verified,728,9,1,0,0,0,0,157000,39200,101,0.2496815286624203,16485.18,14526.9,7863.34,27936.404,5,1958.2799999999988,1.134803708981269,0,0.6343702260596683,63,Medium
Personal,Debt Consolidation,722000,84,22.23,70300,1500,0.263,0,844100,0.8553488923113375,Female,42,Single,2,Post Graduate,Salaried,Software Engineer,Lucknow,Uttar Pradesh,Owned,16,Verified,743,5,3,1,0,0,0,740000,102100,251,0.1379729729729729,183531.63,77507.87,11482.58,121050.009,10,106023.76,2.367909607114736,0,0.1815050732406793,18,Low
Home,Home Construction,10462000,84,8.27,99800,28000,1.928,1,1197900,8.73361716336923,Male,42,Married,1,Post Graduate,Salaried,Software Engineer,Noida,Uttar Pradesh,Owned,9,Pending,773,5,0,0,0,0,0,246000,152000,210,0.6178861788617886,45149.91,206476.81,53968.26,145503.71833333335,12,-161326.9,0.2186681884517685,0,0.4684797005221259,47,Medium
Personal,Wedding,924000,12,13.76,70700,300,1.176,0,848600,1.0888522271977374,Male,60,Single,2,Post Graduate,Salaried,Bank Officer,Chennai,Tamil Nadu,Rented,10,Pending,773,4,1,0,0,0,0,761000,262500,446,0.3449408672798948,133304.0,126727.11,50672.17999999999,113778.64363636365,11,6576.889999999999,1.0518980508590468,1,0.32628950816615837,33,Low
Personal,Travel,1049000,24,20.84,36400,9400,1.737,0,436700,2.402106709411495,Female,30,Married,0,Professional Degree,Salaried,Sales Executive,Chennai,Tamil Nadu,Owned,1,Verified,701,3,1,0,0,0,0,125000,57000,93,0.456,101007.76,29309.98,8753.59,68441.086,10,71697.78,3.44619000081201,0,0.5415503040699318,54,Medium
Auto,Two Wheeler,637000,24,9.77,28900,2900,1.114,1,347000,1.8357348703170029,Male,23,Single,0,Diploma,Salaried,Analyst,Delhi,Delhi,Rented,5,Verified,600,7,1,2,0,0,0,138000,44600,17,0.3231884057971014,0.0,32045.99,2057.13,38743.38166666667,6,-32045.99,0.0,0,0.5230084817798891,52,Medium
Personal,Home Renovation,1198000,36,22.46,262100,13600,0.228,0,3145500,0.3808615482435225,Female,31,Single,3,Post Graduate,Salaried,Analyst,Hyderabad,Telangana,Family Owned,6,Verified,837,5,0,2,0,0,0,1012000,614300,124,0.6070158102766798,312866.88,117036.39,0.0,477717.715,4,195830.49,2.673244449867259,0,0.04546232885113656,5,Low
Gold,Gold Loan,299000,36,14.06,27800,1600,0.426,1,333200,0.897358943577431,Male,59,Single,3,Graduate,Salaried,Teacher,Nagpur,Maharashtra,Rented,21,Verified,652,4,2,0,0,0,0,293000,93800,422,0.320136518771331,28824.34,22166.73,0.0,51298.380000000005,7,6657.610000000001,1.3003424501493903,1,0.4334263347429725,43,Medium
Personal,Travel,1317000,84,22.22,60400,19200,0.832,0,724500,1.8178053830227745,Female,36,Married,0,Post Graduate,Retired,Retired Private Sector,Coimbatore,Tamil Nadu,Family Owned,18,Verified,668,3,2,0,0,0,0,470000,230300,135,0.49,60924.9,51122.89,0.0,83717.98857142856,7,9802.010000000002,1.1917342701087517,0,0.44659196954407615,45,Medium
Auto,Used Car,1876000,84,10.14,59700,3500,0.582,1,716600,2.6179179458554285,Male,38,Married,1,High School,Salaried,Software Engineer,Delhi,Delhi,Rented,16,Verified,787,5,1,0,0,0,0,301000,17200,169,0.0571428571428571,126034.13999999998,5129.96,0.0,116386.91,4,120904.17999999998,24.568250044834656,0,0.20349621486465344,20,Low
Home,Home Purchase,10354000,48,8.59,161200,13000,1.667,1,1934400,5.352564102564102,Female,42,Married,3,Graduate,Salaried,Accountant,Pune,Maharashtra,Rented,20,Verified,865,2,1,0,0,0,0,714000,344900,256,0.4830532212885154,18842.61,177350.81,0.0,196101.4933333333,6,-158508.2,0.1062448488394273,0,0.41793212109859623,42,Medium
Personal,Wedding,346000,84,13.9,62000,3800,0.166,0,743500,0.4653665097511769,Male,39,Married,0,Graduate,Salaried,Teacher,Lucknow,Uttar Pradesh,Owned,20,Pending,626,5,1,1,0,0,0,267000,94800,176,0.3550561797752809,0.0,151807.32,26437.99,73040.09999999999,12,-151807.32,0.0,1,0.3191514554617278,32,Low
Personal,Medical Emergency,791000,36,17.98,96100,14500,0.448,0,1153600,0.6856796116504854,Female,31,Married,0,Graduate,Salaried,Sales Executive,Chandigarh,Chandigarh,Owned,13,Verified,900,6,1,1,0,0,0,527000,69600,132,0.1320683111954459,95418.45,60032.73,53030.4,159907.655,4,35385.72,1.5894404602289451,0,0.1275705969583766,13,Low
Business,Working Capital,2670000,36,16.81,48000,8300,2.153,0,575500,4.639443961772372,Male,30,Married,1,High School,Salaried,Analyst,Gurugram,Haryana,Family Owned,11,Pending,684,2,0,1,0,0,0,492000,49200,109,0.1,42784.42,62940.07,31783.300000000003,81498.73833333334,6,-20155.65,0.6797644171669971,1,0.5613587519526806,56,Medium
Personal,Debt Consolidation,1124000,36,13.26,52200,2500,0.776,0,626500,1.794094173982442,Male,41,Married,0,Graduate,Salaried,Bank Officer,Gurugram,Haryana,Owned,6,Verified,666,3,3,0,0,0,0,369000,91900,217,0.2490514905149051,8673.15,61820.28,0.0,80133.82125,8,-53147.13,0.140296194064472,0,0.508632732186784,51,Medium
Education,Higher Studies India,726000,84,11.35,51400,2500,0.293,0,616300,1.1779977283790362,Female,21,Single,3,Diploma,Business Owner,Contractor,Coimbatore,Tamil Nadu,Owned,0,Pending,702,3,0,0,0,0,0,475000,95500,6,0.2010526315789473,91985.86,53372.34,3388.78,84440.65400000001,10,38613.52,1.7234743689334215,0,0.24567988036151295,25,Low
Personal,Debt Consolidation,1116000,24,17.96,184800,1500,0.309,0,2218100,0.5031333122943059,Male,40,Single,0,Post Graduate,Salaried,Analyst,Chandigarh,Chandigarh,Family Owned,0,Verified,723,4,0,0,0,0,0,538000,78500,181,0.1459107806691449,258696.3,331661.8,111652.44,291547.9381818182,11,-72965.5,0.7800002894514834,0,0.06784505495506483,7,Low
Personal,Medical Emergency,1346000,36,12.22,26200,7700,2.002,0,314900,4.274372816767228,Female,43,Married,0,Diploma,Salaried,Sales Executive,Noida,Uttar Pradesh,Family Owned,11,Verified,680,6,2,2,0,0,0,136000,26100,245,0.1919117647058823,23968.5,34700.89,0.0,33665.995,8,-10732.39,0.6907171545167862,1,0.7195116797228547,72,High
Personal,Debt Consolidation,875000,48,18.67,63600,21100,0.741,0,763300,1.1463382680466396,Male,57,Married,2,Diploma,Salaried,Nurse,Chandigarh,Chandigarh,Mortgaged,7,Pending,769,7,3,1,0,0,0,349000,200300,419,0.5739255014326647,231266.23,42539.09,14113.16,119590.9622222222,9,188727.14,5.436557998772424,0,0.39212879315459004,39,Medium
Education,Study Abroad,1965000,24,10.15,67100,3400,1.404,0,805500,2.4394785847299816,Female,28,Married,1,Post Graduate,Self-Employed,Lawyer,Indore,Madhya Pradesh,Owned,6,Pending,680,1,0,0,0,0,0,177000,124100,37,0.7011299435028249,0.0,42372.45,5918.83,108659.838,5,-42372.45,0.0,1,0.5751921278761123,58,Medium
Home,Plot Purchase,8837000,60,8.71,65400,4000,2.846,1,785100,11.255890969303271,Female,41,Divorced,2,Diploma,Salaried,Nurse,Mumbai,Maharashtra,Mortgaged,10,Pending,700,4,2,0,0,0,0,593000,381300,204,0.6430016863406408,0.0,47180.26,1094.14,90200.85666666667,6,-47180.26,0.0,0,0.8261694377554294,83,High
Personal,Travel,1252000,48,20.96,43000,1300,0.931,0,516300,2.424946736393569,Male,45,Single,2,High School,Self-Employed,Doctor (Practice),Lucknow,Uttar Pradesh,Owned,3,Verified,760,4,2,0,0,0,0,449000,95600,264,0.2129175946547884,171375.35,14029.68,0.0,96884.93285714286,7,157345.67,12.215200204138656,0,0.36602519551293733,37,Medium
Gold,Gold Loan,57000,36,9.59,43400,6300,0.187,1,521000,0.109404990403071,Female,54,Single,2,Post Graduate,Self-Employed,Lawyer,Chennai,Tamil Nadu,Owned,1,Verified,739,6,7,1,0,0,0,468000,154400,389,0.3299145299145299,122162.14,49351.54,0.0,72990.54666666666,9,72810.6,2.475346058096667,0,0.4662494006082358,47,Medium
Education,Higher Studies India,204000,120,9.71,38900,1100,0.097,0,467200,0.4366438356164384,Male,33,Married,1,Post Graduate,Self-Employed,Lawyer,Nagpur,Maharashtra,Family Owned,15,Pending,645,2,0,1,0,0,0,325000,96800,137,0.2978461538461538,143533.38,28795.75,8410.53,74885.18888888888,9,114737.63,4.984533481503347,0,0.3869441445615905,39,Medium
Personal,Home Renovation,1424000,60,14.33,75700,6700,0.529,0,908900,1.5667290130927494,Female,64,Single,0,Graduate,Self-Employed,Consultant,Surat,Gujarat,Family Owned,22,Verified,715,2,4,0,0,0,0,435000,211400,480,0.4859770114942529,145419.65,24863.63,23206.73,147924.25,4,120556.02,5.848689431108812,0,0.5051931343359851,51,Medium
Personal,Debt Consolidation,484000,48,19.5,87500,23000,0.43,0,1049900,0.4609962853605105,Female,45,Married,3,Graduate,Business Owner,Trader,Kolkata,West Bengal,Owned,9,Verified,619,5,1,1,0,1,0,803000,273800,261,0.3409713574097135,157330.54,68790.76000000001,0.0,164185.3009090909,11,88539.78,2.287088265924086,0,0.5101891866046431,51,Medium
Auto,Two Wheeler,218000,48,9.93,26200,4800,0.393,1,314900,0.6922832645284217,Female,43,Married,0,Diploma,Salaried,Sales Executive,Noida,Uttar Pradesh,Family Owned,11,Verified,680,6,2,2,0,0,0,136000,26100,245,0.1919117647058823,23968.5,34700.89,0.0,33665.995,8,-10732.39,0.6907171545167862,0,0.46984999969269575,47,Medium
Gold,Gold Loan,554000,36,13.35,41200,400,0.464,1,495000,1.1191919191919193,Male,37,Married,1,Post Graduate,Salaried,Bank Officer,Ahmedabad,Gujarat,Rented,9,Verified,747,3,4,0,0,0,0,100000,5400,182,0.054,93638.53,76470.28,0.0,74747.8890909091,11,17168.25,1.2245087895585056,0,0.31833337975543424,32,Low
Personal,Travel,587000,48,15.1,33000,1200,0.532,0,396000,1.4823232323232325,Male,52,Single,3,Graduate,Salaried,Analyst,Coimbatore,Tamil Nadu,Rented,2,Verified,664,6,4,0,0,1,0,235000,67700,335,0.2880851063829787,33106.94,51011.93,0.0,49649.50666666666,12,-17904.989999999998,0.6490038702711307,1,0.5103018811536704,51,Medium
Gold,Gold Loan,519000,12,11.01,67500,23300,1.024,1,810300,0.640503517215846,Male,28,Married,1,Graduate,Salaried,Sales Executive,Coimbatore,Tamil Nadu,Owned,2,Verified,720,2,3,1,0,0,0,372000,104900,77,0.2819892473118279,3607.27,123904.13,24746.23,101155.816,10,-120296.86,0.0291133959780033,1,0.4938577002030968,49,Medium
Business,Equipment Purchase,4821000,24,17.8,45300,3300,3.0,0,543100,8.876818265512798,Male,21,Married,1,Graduate,Self-Employed,Freelance Designer,Chandigarh,Chandigarh,Mortgaged,3,Verified,681,2,0,1,0,0,0,457000,265100,6,0.5800875273522976,41802.58,50336.77,12358.35,64257.24,7,-8534.190000000002,0.8304581322957353,1,0.8373268650121515,84,High
Personal,Travel,538000,48,14.36,29900,3700,0.619,0,358500,1.500697350069735,Male,28,Single,1,High School,Salaried,HR Manager,Coimbatore,Tamil Nadu,Family Owned,6,Verified,575,2,2,2,2,0,0,179000,83100,64,0.4642458100558659,43484.11,22728.48,0.0,65228.96857142857,7,20755.63,1.9131992108579192,1,0.5694733494172088,57,Medium
Business,Business Expansion,2718000,84,15.3,149200,4600,0.385,0,1790900,1.517672678541515,Male,26,Married,1,Post Graduate,Salaried,Accountant,Jaipur,Rajasthan,Rented,8,Verified,858,8,2,0,0,0,0,1265000,557900,16,0.4410276679841897,269824.65,70832.66,0.0,331123.414,5,198991.99,3.8093253874695656,0,0.09530801160306779,10,Low
Personal,Home Renovation,1448000,84,13.61,69200,12200,0.564,0,830400,1.74373795761079,Male,39,Married,1,Post Graduate,Salaried,Software Engineer,Chennai,Tamil Nadu,Rented,13,Verified,806,5,3,0,0,0,0,334000,57800,176,0.1730538922155688,79639.7,66530.49,0.0,126171.1925,8,13109.209999999992,1.1970406350531912,0,0.2050871129456635,21,Low
Auto,Used Car,670000,12,10.39,21400,7200,3.0,1,257100,2.605989887203423,Male,29,Married,1,High School,Salaried,Analyst,Chennai,Tamil Nadu,Rented,11,Verified,721,7,0,0,0,0,0,225000,52600,101,0.2337777777777777,60910.8,30353.21,8215.61,34284.39272727273,11,30557.590000000004,2.006733389977535,1,0.7081600871895851,71,High
Personal,Medical Emergency,1414000,84,16.24,84000,24500,0.628,0,1008600,1.4019432877255602,Male,38,Single,1,Diploma,Salaried,Analyst,Delhi,Delhi,Rented,13,Verified,740,4,2,0,0,0,0,434000,226500,165,0.521889400921659,75225.72,151550.98,36493.87,120612.1309090909,11,-76325.26000000001,0.4963723758170352,0,0.20415290332693595,20,Low
Gold,Gold Loan,59000,12,10.74,54500,3900,0.167,1,654200,0.0901864873127483,Male,21,Married,2,Professional Degree,Salaried,Sales Executive,Nagpur,Maharashtra,Rented,3,Verified,723,4,1,0,0,0,0,572000,254500,9,0.4449300699300699,105705.07,98829.65,41976.3,87158.76,12,6875.419999999998,1.0695683936956166,0,0.25176928305924473,25,Low
Gold,Gold Loan,75000,36,9.37,45500,15300,0.389,1,545600,0.1374633431085044,Male,50,Single,3,Diploma,Self-Employed,Doctor (Practice),Jaipur,Rajasthan,Owned,16,Pending,655,5,0,0,0,0,0,304000,155300,327,0.5108552631578948,150938.38,59446.64,12589.59,89661.88,12,91491.74,2.5390565387715776,0,0.41349575999611377,41,Medium
Auto,Two Wheeler,876000,84,12.01,66500,21900,0.562,1,797600,1.098294884653962,Male,30,Single,1,Graduate,Salaried,Analyst,Indore,Madhya Pradesh,Owned,12,Verified,751,4,0,2,0,0,0,263000,72900,74,0.2771863117870722,186114.4,43251.04,0.0,125895.07,8,142863.36,4.30311964752755,0,0.30059308163511284,30,Low
Personal,Debt Consolidation,369000,48,17.67,100600,14500,0.251,0,1207200,0.3056660039761431,Male,35,Single,3,Graduate,Salaried,Sales Executive,Nagpur,Maharashtra,Rented,17,Verified,706,5,0,1,0,0,0,378000,58200,147,0.1539682539682539,72613.39,136040.73,11633.02,156326.87363636363,11,-63427.34000000001,0.5337621313852109,0,0.18772194403930603,19,Low
Auto,Two Wheeler,1485000,84,13.29,150100,3800,0.207,1,1801200,0.8244503664223851,Female,58,Married,1,Graduate,Salaried,HR Manager,Chennai,Tamil Nadu,Rented,7,Pending,701,6,1,0,0,0,0,747000,26100,456,0.0349397590361445,12305.27,105439.67,40671.42,190319.71285714285,7,-93134.4,0.1167043675307405,0,0.14225021646484345,14,Low
Business,Equipment Purchase,709000,84,19.77,136600,34000,0.363,0,1639000,0.4325808419768151,Male,37,Married,3,Diploma,Self-Employed,Doctor (Practice),Pune,Maharashtra,Mortgaged,0,Verified,627,1,1,2,0,0,0,1466000,362100,198,0.2469986357435198,234645.87,145520.78,32620.210000000003,251709.77625,8,89125.09,1.6124561042072478,1,0.29836872988467644,30,Low
Home,Plot Purchase,11528000,48,9.93,39200,9000,3.0,1,470400,24.506802721088437,Male,21,Married,1,Post Graduate,Salaried,Teacher,Bhopal,Madhya Pradesh,Owned,3,Verified,731,4,2,0,0,0,0,340000,21100,6,0.0620588235294117,52361.05,74123.31,801.87,63376.29363636363,11,-21762.259999999995,0.7064046384329032,1,0.7741427266755533,77,High
Home,Home Construction,8741000,48,9.48,149400,4400,1.498,1,1793300,4.874254168293091,Male,51,Married,1,Graduate,Salaried,Analyst,Surat,Gujarat,Owned,23,Verified,791,8,2,2,1,0,0,884000,283800,339,0.3210407239819005,128815.87,273891.64,69989.79000000001,251560.83272727276,11,-145075.77000000002,0.4703169107315579,0,0.4265382134115575,43,Medium
Personal,Debt Consolidation,1365000,36,15.41,68100,23500,1.044,0,817000,1.6707466340269277,Female,42,Married,2,High School,Business Owner,Trader,Lucknow,Uttar Pradesh,Mortgaged,15,Verified,733,7,3,0,0,0,0,270000,11900,228,0.044074074074074,0.0,59240.02,0.0,113936.87428571428,7,-59240.02,0.0,0,0.381700509953149,38,Medium
Home,Balance Transfer,2920000,60,8.9,74500,20300,1.084,1,893900,3.266584629153149,Female,64,Married,3,Graduate,Salaried,Teacher,Ahmedabad,Gujarat,Mortgaged,20,Verified,664,1,0,2,1,1,0,470000,195000,480,0.4148936170212766,70869.14,91354.12,0.0,160216.91777777777,9,-20484.98,0.7757629322027294,1,0.6673205895092615,67,High
Education,Skill Certification,510000,84,10.35,84000,23000,0.376,0,1007500,0.5062034739454094,Male,38,Married,1,Post Graduate,Salaried,Software Engineer,Mumbai,Maharashtra,Rented,7,Verified,766,4,1,0,0,0,0,434000,24700,171,0.0569124423963133,122102.84,124493.27,69969.5,107700.545,12,-2390.430000000008,0.9807987210874932,0,0.15672564193131536,16,Low
Home,Home Construction,8732000,84,8.04,162500,23800,0.985,1,1949600,4.478867459991793,Male,43,Single,2,Post Graduate,Salaried,Sales Executive,Noida,Uttar Pradesh,Family Owned,19,Verified,792,5,2,0,0,0,0,837000,149000,232,0.1780167264038231,61970.76,132956.7,0.0,273201.79,6,-70985.94000000002,0.4660973083718232,0,0.2767675982510027,28,Low
Personal,Debt Consolidation,206000,84,21.83,20500,500,0.259,0,246200,0.8367181153533713,Male,32,Married,2,Diploma,Salaried,Nurse,Bhopal,Madhya Pradesh,Rented,4,Verified,583,2,3,1,0,0,0,132000,67200,135,0.509090909090909,25488.65,13072.17,4045.79,40180.40857142857,7,12416.479999999998,1.9498407685946555,0,0.5239080460132125,52,Medium
Personal,Travel,117000,12,13.89,39100,9500,0.511,0,469400,0.2492543672773753,Female,37,Single,2,Post Graduate,Salaried,Sales Executive,Lucknow,Uttar Pradesh,Owned,16,Pending,610,3,2,1,1,0,0,288000,73700,198,0.2559027777777777,18408.17,47817.97,8324.31,63340.72285714286,7,-29409.800000000003,0.3849634352943046,0,0.4019016864299874,40,Medium
Business,Working Capital,551000,12,17.63,50700,12500,1.242,0,608100,0.9061009702351588,Male,28,Married,1,Graduate,Business Owner,Retail Store Owner,Jaipur,Rajasthan,Rented,10,Pending,745,4,0,0,0,2,0,188000,3800,89,0.0202127659574468,90365.74,72942.04,17221.72,91204.44,11,17423.699999999997,1.238870478533367,0,0.5395364338980296,54,Medium
Gold,Gold Loan,42000,24,9.32,42200,12000,0.33,1,506000,0.0830039525691699,Female,47,Married,1,Post Graduate,Retired,Pensioner,Indore,Madhya Pradesh,Owned,18,Pending,650,5,3,3,0,0,0,389000,75100,277,0.1930591259640103,39292.02,24716.89,0.0,86231.6525,4,14575.129999999996,1.5896830062358167,1,0.5599717951382757,56,Medium
Education,Skill Certification,3954000,120,12.72,134500,32900,0.679,0,1613500,2.450573287883483,Male,48,Married,2,Post Graduate,Salaried,Analyst,Jaipur,Rajasthan,Owned,12,Verified,874,5,1,1,0,0,0,1087000,745700,311,0.6860165593376265,293012.9,249841.38,69882.41,191910.47166666668,12,43171.52000000002,1.1727957154255233,0,0.15620060493767882,16,Low
Personal,Travel,1394000,24,19.31,89200,1600,0.808,0,1070200,1.3025602691085778,Male,35,Widowed,1,Graduate,Business Owner,Retail Store Owner,Bhopal,Madhya Pradesh,Mortgaged,2,Verified,693,7,2,1,0,0,0,560000,77300,162,0.1380357142857143,86514.21,42403.59,2278.85,168190.46666666667,6,44110.62000000001,2.0402567329794485,1,0.4374733296963557,44,Medium
Business,Business Expansion,1630000,12,14.8,106600,31400,1.673,1,1279600,1.2738355736167553,Male,63,Single,1,Professional Degree,Business Owner,Restaurant Owner,Ahmedabad,Gujarat,Owned,14,Verified,677,3,2,0,0,0,0,1044000,170200,464,0.1630268199233716,139762.17,138428.8,8228.97,181068.83777777775,9,1333.3700000000244,1.0096321719179826,0,0.5598190194378336,56,Medium
Education,Study Abroad,1681000,36,11.79,43000,2000,1.341,0,515900,3.258383407637139,Male,26,Married,1,Post Graduate,Business Owner,Retail Store Owner,Kolkata,West Bengal,Mortgaged,8,Verified,506,3,2,6,0,1,0,250000,103500,23,0.414,9371.4,70561.13,1527.42,59308.89181818182,11,-61189.73,0.132812498892804,1,0.8912856666995319,89,High
Auto,New Car,1243000,48,10.84,90800,23900,0.616,1,1089100,1.1413093379854926,Male,38,Single,1,Graduate,Salaried,Nurse,Bhopal,Madhya Pradesh,Family Owned,9,Verified,717,4,1,0,0,0,0,879000,151200,187,0.1720136518771331,148041.24,130061.62,22755.97,183519.99444444443,9,17979.619999999995,1.1382392438291942,0,0.28826672734072073,29,Low
Gold,Gold Loan,589000,24,10.01,188800,60600,0.465,1,2265800,0.259952334716215,Male,48,Married,1,Diploma,Self-Employed,Consultant,Mumbai,Maharashtra,Owned,15,Verified,715,3,1,0,0,0,0,2013000,748800,288,0.3719821162444113,244389.03000000003,184202.04,46664.84,323331.5277777777,9,60186.99000000002,1.3267444269346855,0,0.3195265729401738,32,Low
Auto,Two Wheeler,2263000,36,9.86,92500,4600,0.837,1,1110400,2.0380043227665707,Female,40,Married,1,Post Graduate,Salaried,HR Manager,Chandigarh,Chandigarh,Mortgaged,6,Verified,734,5,3,0,0,0,0,812000,414100,234,0.509975369458128,0.0,87608.56999999999,0.0,109384.5975,4,-87608.56999999999,0.0,0,0.3661456671982906,37,Medium
Auto,Used Car,1480000,24,12.13,92000,11200,0.88,1,1103400,1.3413086822548486,Female,41,Single,0,Post Graduate,Salaried,Teacher,Jaipur,Rajasthan,Rented,1,Verified,768,6,4,0,0,0,0,561000,67900,229,0.1210338680926916,27992.0,130931.32,0.0,154189.22818181818,11,-102939.32,0.2137914747976267,0,0.2300704332188391,23,Low
Education,Higher Studies India,372000,60,10.97,22200,2300,0.468,0,266500,1.3958724202626642,Male,22,Single,0,High School,Self-Employed,Chartered Accountant,Bhopal,Madhya Pradesh,Rented,4,Verified,619,3,0,5,0,0,0,138000,96700,6,0.7007246376811594,35776.130000000005,32587.32,0.0,45058.468181818185,11,3188.810000000005,1.097854318796391,1,0.7231381696917196,72,High
Auto,New Car,2236000,84,13.37,42800,7300,1.13,1,514200,4.348502528199145,Male,37,Married,1,Graduate,Salaried,Software Engineer,Lucknow,Uttar Pradesh,Mortgaged,5,Verified,707,1,1,1,0,0,0,446000,158300,167,0.3549327354260089,36656.03,76881.38,14177.6,57966.13166666668,12,-40225.350000000006,0.4767868370729037,0,0.43242804587243044,43,Medium
Auto,Used Car,888000,12,13.19,30600,8500,2.874,1,367000,2.4196185286103544,Female,54,Widowed,2,Post Graduate,Salaried,Bank Officer,Indore,Madhya Pradesh,Owned,5,Verified,768,4,2,0,0,0,0,111000,42700,377,0.3846846846846847,36570.29,35580.31,4505.97,51454.902,10,989.9800000000032,1.027823816037578,1,0.7304253252583567,73,High
Gold,Gold Loan,382000,24,14.97,100500,27900,0.462,1,1206500,0.3166183174471612,Female,45,Married,0,Post Graduate,Salaried,Analyst,Lucknow,Uttar Pradesh,Rented,20,Verified,770,5,2,1,0,0,0,725000,66700,266,0.092,215684.98,204823.33,0.0,151043.7225,12,10861.650000000023,1.05302935949728,0,0.17768674322861117,18,Low
Personal,Debt Consolidation,213000,36,18.56,54600,8200,0.292,0,655000,0.3251908396946565,Female,53,Divorced,2,Post Graduate,Business Owner,Restaurant Owner,Mumbai,Maharashtra,Owned,16,Verified,650,2,0,0,0,0,0,176000,72900,350,0.4142045454545454,110822.65,47857.12,2610.92,97660.85363636364,11,62965.52999999999,2.315698270184248,0,0.38013904068053866,38,Medium
Home,Home Purchase,5856000,180,9.34,50700,2300,1.24,1,608800,9.61892247043364,Female,48,Married,2,Graduate,Salaried,Bank Officer,Kochi,Kerala,Mortgaged,2,Verified,737,3,0,0,0,0,0,506000,45500,281,0.0899209486166007,0.0,45843.92,0.0,67431.41,4,-45843.92,0.0,0,0.3585843259480274,36,Medium
Home,Home Construction,1600000,180,10.18,21200,2400,0.933,1,254200,6.294256490952006,Male,28,Divorced,2,High School,Salaried,Software Engineer,Chandigarh,Chandigarh,Rented,10,Verified,664,4,1,1,0,0,0,101000,31100,84,0.3079207920792079,39712.15,26516.95,538.13,29160.164166666666,12,13195.2,1.4976137904246152,0,0.41800643735375176,42,Medium
Gold,Gold Loan,302000,12,12.18,27800,400,0.979,1,334200,0.9036505086774388,Female,51,Married,1,Post Graduate,Salaried,Bank Officer,Hyderabad,Telangana,Rented,22,Pending,619,3,1,2,0,0,0,96000,43600,349,0.4541666666666666,0.0,55549.76,3675.64,31667.733,10,-55549.76,0.0,0,0.5766369593874938,58,Medium
Gold,Gold Loan,253000,12,13.45,35500,2900,0.72,1,425600,0.5944548872180451,Male,30,Married,2,Graduate,Business Owner,Trader,Lucknow,Uttar Pradesh,Owned,5,Pending,586,1,0,0,0,0,0,332000,90600,115,0.2728915662650602,32883.0,33660.62,6587.59,48413.57375,8,-777.6200000000026,0.9768982270677128,0,0.5249262291520014,52,Medium
Gold,Gold Loan,641000,36,14.51,62000,4000,0.42,1,744200,0.861327600107498,Male,50,Married,4,Professional Degree,Salaried,Software Engineer,Noida,Uttar Pradesh,Owned,6,Verified,751,6,1,0,0,0,0,433000,135500,354,0.312933025404157,58955.22,34237.24,1984.06,82417.76333333332,6,24717.980000000003,1.721961817015624,0,0.23097245724358698,23,Low
Home,Home Construction,8630000,36,8.11,92500,28600,3.0,1,1109700,7.7768766333243216,Male,52,Married,2,Professional Degree,Business Owner,Trader,Surat,Gujarat,Rented,23,Verified,768,3,2,0,0,0,0,471000,320800,346,0.681104033970276,273843.24,59050.26,0.0,173826.29666666666,9,214792.98,4.637460360039059,1,0.8463791945009591,85,High
Personal,Debt Consolidation,643000,36,20.63,69900,4800,0.413,0,839200,0.7662059103908484,Male,45,Married,1,Diploma,Business Owner,Restaurant Owner,Chennai,Tamil Nadu,Rented,22,Verified,692,2,2,1,0,0,0,431000,240900,248,0.5589327146171694,128093.84,150266.7,30829.32,78776.435,10,-22172.86000000001,0.8524432891651975,0,0.45024078646511234,45,Medium
Auto,New Car,1617000,24,9.87,48100,8800,1.731,1,577600,2.799515235457064,Male,36,Married,0,Post Graduate,Salaried,Nurse,Gurugram,Haryana,Mortgaged,18,Verified,674,2,4,1,0,0,0,505000,120700,166,0.239009900990099,0.0,89279.72,6816.37,76484.96,12,-89279.72,0.0,0,0.6475656130799211,65,Medium
Auto,New Car,1079000,24,10.01,61000,17000,1.096,1,731500,1.4750512645249487,Male,32,Married,0,Graduate,Salaried,Software Engineer,Mysuru,Karnataka,Family Owned,4,Verified,700,4,2,0,0,0,0,430000,112200,139,0.2609302325581395,57114.06,118910.25,7758.12,112602.61,12,-61796.19,0.4803123364049776,0,0.45137042743026395,45,Medium
Personal,Wedding,88000,84,11.99,27900,5600,0.257,1,334500,0.2630792227204783,Male,24,Married,3,Graduate,Retired,Retired Government Employee,Chennai,Tamil Nadu,Owned,6,Pending,647,0,1,9,0,0,0,207000,19900,33,0.096135265700483,23771.2,34108.4,11529.29,47395.65000000001,7,-10337.2,0.6969309612881285,0,0.6990514444849657,70,High
Personal,Debt Consolidation,293000,36,11.21,41900,5500,0.361,0,503000,0.5825049701789264,Male,56,Married,1,Post Graduate,Salaried,Sales Executive,Coimbatore,Tamil Nadu,Owned,4,Verified,704,8,3,0,0,0,0,141000,34100,374,0.2418439716312056,53165.4,35526.33,1180.18,50641.23428571429,7,17639.07,1.4965069569527727,0,0.3559218490734261,36,Medium
Home,Home Purchase,9373000,180,9.84,51000,9300,2.137,1,612600,15.30035912504081,Female,21,Married,1,Post Graduate,Self-Employed,Consultant,Lucknow,Uttar Pradesh,Rented,3,Verified,698,2,3,0,0,0,0,534000,227500,6,0.4260299625468164,70005.6,26392.86,11175.83,93001.235,4,43612.740000000005,2.6524446384363047,0,0.6998187765112163,70,High
Education,Skill Certification,204000,36,10.89,130600,36400,0.33,0,1567400,0.1301518438177874,Male,44,Single,2,Post Graduate,Retired,Retired Government Employee,Chennai,Tamil Nadu,Mortgaged,13,Verified,711,4,1,0,0,0,0,1035000,328100,255,0.3170048309178744,353785.76,104458.26,0.0,237352.10888888888,9,249327.5,3.3868624654479214,0,0.2498612605603239,25,Low
Personal,Debt Consolidation,1199000,24,14.1,258800,65200,0.475,0,3105500,0.386089196586701,Male,46,Married,2,Diploma,Salaried,Sales Executive,Nagpur,Maharashtra,Mortgaged,0,Verified,855,2,2,0,0,0,0,1621000,565700,279,0.34898210980876,321131.30000000005,433620.92,66776.87,401136.7075,8,-112489.61999999994,0.7405807358187425,0,0.06318834000040637,6,Low
Business,Equipment Purchase,698000,84,14.13,76100,26200,0.517,0,913300,0.7642614693966933,Male,51,Single,0,Graduate,Business Owner,Contractor,Coimbatore,Tamil Nadu,Family Owned,9,Verified,722,5,2,2,0,0,0,760000,398200,316,0.5239473684210526,76154.31,83120.75,0.0,138341.90375,8,-6966.440000000002,0.9161889179296384,1,0.4458406446742144,45,Medium
Personal,Debt Consolidation,464000,84,22.82,89000,12800,0.269,0,1068400,0.4342942718083115,Female,49,Single,2,Post Graduate,Self-Employed,Architect,Noida,Uttar Pradesh,Mortgaged,9,Verified,679,3,1,0,0,0,0,269000,44400,314,0.1650557620817843,87864.73,51524.24,0.0,99824.612,5,36340.49,1.7053086081424975,0,0.22632583159225536,23,Low
Gold,Gold Loan,295000,12,9.91,67200,4300,0.45,1,806200,0.3659141652195485,Male,43,Single,0,Graduate,Salaried,Bank Officer,Gurugram,Haryana,Family Owned,13,Verified,806,7,1,1,0,0,0,551000,200600,217,0.364065335753176,128901.14,74423.09,17407.78,94766.32166666668,6,54478.05,1.7320046775805735,0,0.28588625154808606,29,Low
Personal,Medical Emergency,612000,60,14.11,49100,9500,0.485,0,588700,1.039578732801087,Female,54,Single,0,Graduate,Salaried,Analyst,Kochi,Kerala,Owned,9,Verified,694,2,0,0,0,0,0,391000,120400,365,0.307928388746803,10897.04,33764.73,0.0,69725.215,4,-22867.689999999995,0.3227344036217675,0,0.2936811569845916,29,Low
Personal,Travel,849000,24,14.53,33100,10900,1.569,0,396800,2.139616935483871,Male,21,Married,2,Graduate,Salaried,Nurse,Bengaluru,Karnataka,Rented,3,Verified,732,4,1,1,0,0,0,277000,84800,6,0.3061371841155235,95593.05,30236.85,7409.86,55175.47,11,65356.2,3.16147515366184,0,0.5340508130513134,53,Medium
Personal,Medical Emergency,131000,24,20.55,48600,3700,0.214,0,582800,0.2247769389155799,Female,48,Married,1,Post Graduate,Self-Employed,Doctor (Practice),Surat,Gujarat,Family Owned,22,Verified,559,4,0,2,2,0,0,325000,105000,310,0.3230769230769231,55168.97,53136.53,11873.86,77255.35875,8,2032.4400000000023,1.0382493926494636,0,0.4814402729506492,48,Medium
Personal,Medical Emergency,109000,48,16.08,22000,500,0.163,1,264500,0.4120982986767486,Female,21,Married,3,High School,Salaried,Software Engineer,Noida,Uttar Pradesh,Owned,3,Verified,660,3,1,1,0,0,0,201000,40800,6,0.2029850746268656,20544.63,17259.56,7306.93,36546.23,7,3285.07,1.190333357281414,0,0.3035830883603918,30,Low
Home,Plot Purchase,9280000,240,9.36,60700,8500,1.551,1,728500,12.73850377487989,Male,44,Single,2,Graduate,Salaried,Sales Executive,Lucknow,Uttar Pradesh,Owned,8,Verified,610,4,2,2,1,0,0,389000,100000,244,0.2570694087403599,77233.37,39339.41,1589.7,121750.065,6,37893.96,1.9632569476766428,0,0.6202732943319536,62,Medium
Business,Equipment Purchase,2807000,24,19.42,122100,3500,1.192,0,1465200,1.915779415779416,Male,37,Married,3,Post Graduate,Salaried,HR Manager,Gurugram,Haryana,Mortgaged,19,Verified,775,5,1,1,0,0,0,593000,97300,162,0.1640809443507588,0.0,177687.75,0.0,128461.006,10,-177687.75,0.0,0,0.20485655592333596,20,Low
Personal,Travel,1339000,24,22.19,139300,47400,0.84,0,1671500,0.8010768770565361,Female,38,Single,0,Post Graduate,Self-Employed,Freelance Designer,Kochi,Kerala,Rented,2,Pending,721,5,1,0,0,0,0,498000,241000,175,0.4839357429718876,119906.64,121690.32,0.0,204734.11111111112,9,-1783.6800000000076,0.9853424660235915,0,0.2356289555315373,24,Low
Personal,Medical Emergency,783000,84,14.23,138400,47300,0.448,1,1661200,0.471346014928967,Male,35,Married,0,Post Graduate,Salaried,Teacher,Lucknow,Uttar Pradesh,Rented,2,Verified,787,3,2,0,0,0,0,827000,16500,137,0.0199516324062877,114177.42,115533.43,28035.68,233015.77,10,-1356.0100000000093,0.9882630507897152,0,0.12223536159112516,12,Low
Auto,Used Car,648000,60,11.25,39300,1300,0.393,1,471800,1.3734633319203051,Male,24,Married,1,Post Graduate,Salaried,HR Manager,Bhopal,Madhya Pradesh,Mortgaged,6,Pending,699,1,2,0,0,0,0,306000,6100,9,0.0199346405228758,120777.0,48550.87,14828.91,58455.715,12,72226.13,2.487638223578692,0,0.3148160793795357,31,Low
Gold,Gold Loan,454000,12,13.78,45100,1400,0.933,1,541700,0.8381022706294997,Male,39,Single,0,Professional Degree,Salaried,Analyst,Chandigarh,Chandigarh,Owned,7,Verified,549,2,1,2,2,0,0,132000,18600,226,0.1409090909090909,56042.51,58565.1,8328.62,71315.448,10,-2522.5899999999965,0.9569267362302806,0,0.5796282555573616,58,Medium
Personal,Medical Emergency,115000,84,21.83,51300,1000,0.072,1,615300,0.1869006988460913,Female,21,Married,1,Professional Degree,Business Owner,Trader,Mysuru,Karnataka,Mortgaged,3,Verified,652,4,0,1,0,0,0,355000,52900,6,0.1490140845070422,49558.9,93957.77,0.0,79585.91916666667,12,-44398.86999999999,0.527459304323634,0,0.24528162342850163,25,Low
Auto,Used Car,826000,48,11.08,40400,7000,0.703,1,484600,1.7044985555096988,Male,45,Divorced,0,Graduate,Retired,Retired Government Employee,Jaipur,Rajasthan,Rented,8,Pending,657,6,3,1,1,0,0,324000,36300,281,0.112037037037037,36548.87,35778.68,0.0,49148.84571428572,7,770.1900000000023,1.0215265068470945,0,0.48086998367608536,48,Medium
Auto,Two Wheeler,2368000,36,11.89,78800,9000,1.111,1,945200,2.505289885738468,Male,48,Widowed,2,Post Graduate,Salaried,HR Manager,Bhopal,Madhya Pradesh,Rented,24,Verified,784,4,1,0,0,0,0,237000,15400,328,0.0649789029535864,0.0,78029.0,0.0,116191.036,5,-78029.0,0.0,0,0.34276901891155215,34,Medium
Auto,Two Wheeler,1532000,84,13.78,51400,7100,0.693,1,617300,2.48177547383768,Female,41,Married,1,Graduate,Business Owner,Restaurant Owner,Ahmedabad,Gujarat,Family Owned,22,Verified,725,4,1,0,0,0,0,402000,204600,213,0.508955223880597,168975.28,74471.41,17415.27,74856.005,10,94503.87,2.268995309743699,0,0.43595810031561355,44,Medium
Gold,Gold Loan,734000,24,14.09,45700,7200,0.929,1,548500,1.3381950774840474,Male,25,Married,2,Graduate,Self-Employed,Lawyer,Mysuru,Karnataka,Rented,7,Verified,644,1,1,2,0,0,0,478000,107600,56,0.2251046025104602,12076.47,20442.79,0.0,87179.9675,4,-8366.319999999998,0.5907447075472575,0,0.6266148945164071,63,Medium
Personal,Travel,1309000,24,12.12,48400,3400,1.346,0,580500,2.2549526270456504,Male,59,Married,1,Post Graduate,Salaried,Accountant,Bengaluru,Karnataka,Rented,20,Verified,731,7,0,0,0,1,0,439000,8800,410,0.0200455580865603,48722.47,48775.76,0.0,97714.8475,8,-53.29000000000087,0.9989074491099678,0,0.4734155079319636,47,Medium
Personal,Home Renovation,206000,12,17.11,35700,2400,0.594,0,428100,0.4811959822471385,Male,44,Married,2,Post Graduate,Salaried,Sales Executive,Pune,Maharashtra,Owned,16,Verified,703,4,2,1,0,0,0,358000,193300,257,0.5399441340782123,67164.56,35891.4,15665.47,57848.61222222223,9,31273.16,1.871327393191684,0,0.41328318264690944,41,Medium
Personal,Wedding,606000,48,13.94,83200,11200,0.333,0,998400,0.6069711538461539,Female,49,Married,0,Post Graduate,Salaried,Analyst,Kolkata,West Bengal,Owned,23,Verified,621,3,0,1,0,0,0,894000,729500,323,0.8159955257270693,0.0,75531.87,0.0,164505.168,5,-75531.87,0.0,1,0.43131258884183526,43,Medium
Home,Home Purchase,8466000,240,8.61,45300,4700,1.739,1,543500,15.576816927322907,Male,53,Married,0,Diploma,Self-Employed,Chartered Accountant,Jaipur,Rajasthan,Owned,5,Verified,685,0,0,2,0,0,0,166000,66600,359,0.4012048192771084,8857.56,13368.39,6478.94,97203.6975,4,-4510.83,0.6625749248787625,1,0.6954389944962718,70,High
Personal,Debt Consolidation,741000,84,22.93,34500,900,0.542,0,413900,1.7902875090601595,Male,21,Married,1,High School,Salaried,Sales Executive,Coimbatore,Tamil Nadu,Mortgaged,3,Verified,654,3,0,0,0,0,0,218000,111400,6,0.5110091743119266,34243.38,77115.36,0.0,38363.7125,12,-42871.98,0.4440539472291901,1,0.32766534804332725,33,Low
Auto,Two Wheeler,1832000,60,10.76,56900,12900,0.923,1,682600,2.6838558452973924,Female,29,Married,2,Professional Degree,Business Owner,Trader,Surat,Gujarat,Rented,11,Verified,661,2,2,0,0,0,0,494000,185700,83,0.3759109311740891,56715.25,88101.19,6932.17,93888.76,8,-31385.94,0.6437512365042969,0,0.46285982205486226,46,Medium
Personal,Debt Consolidation,243000,48,13.09,22900,7900,0.63,0,274700,0.8846013833272661,Female,40,Married,1,Graduate,Self-Employed,Consultant,Jaipur,Rajasthan,Mortgaged,0,Pending,620,6,3,2,0,0,0,227000,45600,198,0.2008810572687224,0.0,40830.7,0.0,38712.295,10,-40830.7,0.0,0,0.6206546109473015,62,Medium
Education,Study Abroad,1396000,120,10.09,37700,5100,0.626,1,452500,3.0850828729281767,Male,32,Single,2,Graduate,Self-Employed,Chartered Accountant,Surat,Gujarat,Rented,10,Verified,663,0,1,0,0,0,0,233000,58500,115,0.2510729613733906,118798.97,42548.55,0.0,71090.013,10,76250.42,2.792080341163212,0,0.5000887521763424,50,Medium
Auto,New Car,347000,60,11.44,70200,4100,0.167,1,842800,0.4117228286663502,Female,35,Single,2,Professional Degree,Salaried,HR Manager,Mumbai,Maharashtra,Family Owned,7,Verified,711,5,2,0,0,0,0,457000,213400,161,0.4669584245076586,0.0,113126.67,38981.59,132797.53666666668,9,-113126.67,0.0,0,0.201406532027231,20,Low
Gold,Gold Loan,580000,36,12.54,103300,8800,0.273,1,1239900,0.4677796596499717,Male,36,Single,2,Graduate,Business Owner,Restaurant Owner,Chennai,Tamil Nadu,Rented,9,Verified,771,4,3,0,0,0,0,895000,124400,135,0.1389944134078212,97182.38,71763.0,0.0,215189.27,6,25419.380000000005,1.354212895224559,0,0.2528633285887962,25,Low
Personal,Wedding,507000,84,14.66,148500,32600,0.285,1,1781900,0.2845277512767271,Male,38,Single,2,Professional Degree,Salaried,Bank Officer,Bhopal,Madhya Pradesh,Family Owned,11,Verified,807,6,0,0,0,0,0,391000,16000,200,0.0409207161125319,55534.82,268232.13,63933.0,303239.087,10,-212697.31,0.2070401483968382,0,0.0813718667536372,8,Low
Auto,Used Car,577000,24,10.74,43100,4000,0.716,1,516900,1.1162700715805765,Female,33,Married,5,Graduate,Salaried,Bank Officer,Mumbai,Maharashtra,Owned,11,Verified,707,7,4,0,0,0,0,362000,27500,111,0.0759668508287292,41107.93,32091.45,0.0,64963.29,5,9016.48,1.2809620631040357,0,0.3860847701356658,39,Medium
Home,Balance Transfer,4368000,60,9.52,66600,5400,1.46,1,798600,5.469571750563486,Female,44,Married,1,Graduate,Salaried,Software Engineer,Delhi,Delhi,Owned,18,Pending,641,4,4,2,1,0,0,704000,159100,259,0.2259943181818181,213246.66,31366.37,0.0,101362.39875,8,181880.29,6.798576309595277,0,0.6795135825354656,68,High
Education,Study Abroad,335000,36,9.29,19500,3800,0.742,1,234400,1.4291808873720135,Male,44,Married,1,Graduate,Salaried,Software Engineer,Chennai,Tamil Nadu,Family Owned,19,Verified,656,2,1,0,0,0,0,159000,17300,280,0.1088050314465408,47427.22,8917.6,551.13,38689.32777777778,9,38509.62,5.318383870099578,0,0.596335654859618,60,Medium
Auto,New Car,2030000,84,9.99,19100,100,1.768,1,229300,8.853030963802878,Female,21,Married,2,Post Graduate,Salaried,Nurse,Pune,Maharashtra,Family Owned,3,Verified,673,3,0,0,0,0,0,162000,26600,6,0.1641975308641975,53669.17,25538.71,3914.37,28168.1675,12,28130.46,2.1014831994255,1,0.4755032433300203,48,Medium
Auto,New Car,1384000,60,10.87,50400,11700,0.828,1,604300,2.290253185503889,Male,48,Widowed,1,Graduate,Salaried,HR Manager,Hyderabad,Telangana,Mortgaged,3,Verified,777,2,1,0,0,0,0,537000,121900,313,0.2270018621973929,0.0,92423.1,0.0,67774.54727272727,11,-92423.1,0.0,0,0.2951445080674051,30,Low
Gold,Gold Loan,489000,24,12.24,31400,7100,0.962,1,376500,1.298804780876494,Female,46,Single,0,Graduate,Salaried,HR Manager,Gurugram,Haryana,Owned,3,Verified,704,3,2,1,0,0,0,78000,38600,305,0.4948717948717949,36306.2,32424.73,6557.280000000001,35121.375555555554,9,3881.4699999999975,1.119707087769119,0,0.5048918302555442,50,Medium
Personal,Wedding,68000,60,15.39,35100,6000,0.217,0,421700,0.1612520749347877,Male,43,Divorced,1,Post Graduate,Self-Employed,Doctor (Practice),Surat,Gujarat,Owned,5,Pending,598,0,2,4,1,0,0,319000,45000,231,0.1410658307210031,33486.79,35912.2,7070.01,48738.03600000001,5,-2425.409999999996,0.932462784234884,0,0.5557124886160575,56,Medium
Personal,Debt Consolidation,1281000,48,23.23,109800,34400,0.689,0,1317100,0.9725912990661302,Male,49,Married,0,Diploma,Salaried,Software Engineer,Bhopal,Madhya Pradesh,Rented,12,Verified,776,3,1,1,0,0,0,633000,26000,310,0.0410742496050552,307898.71,192327.85,27644.52,215977.8108333333,12,115570.86000000002,1.6009054850870532,0,0.22274977096308787,22,Low
Education,Higher Studies India,1301000,84,11.77,88100,2100,0.283,0,1057000,1.2308420056764429,Male,37,Married,2,Post Graduate,Salaried,HR Manager,Bhopal,Madhya Pradesh,Rented,17,Pending,732,2,2,0,0,0,0,478000,262900,204,0.55,94825.61,77099.31999999999,31085.38,165149.44,10,17726.290000000008,1.2299149979532895,0,0.28174217852489486,28,Low
Personal,Home Renovation,254000,48,23.08,36800,5800,0.38,0,441100,0.575833144411698,Female,52,Married,4,Diploma,Salaried,Accountant,Lucknow,Uttar Pradesh,Mortgaged,9,Verified,597,1,2,4,0,0,0,148000,38500,373,0.2601351351351351,96110.82,42092.31,12432.39,64208.61,10,54018.51000000001,2.2833344142908767,0,0.48471299595875816,48,Medium
Home,Home Purchase,7868000,60,9.99,95700,13100,1.883,1,1148700,6.849482023156612,Female,38,Single,2,Post Graduate,Salaried,Analyst,Chandigarh,Chandigarh,Mortgaged,4,Verified,758,5,0,0,0,0,0,562000,104500,211,0.1859430604982206,179609.91,11012.64,0.0,193340.795,4,168597.27,16.309432615612604,1,0.4365444543067124,44,Medium
Auto,New Car,545000,36,13.14,137200,45400,0.465,1,1646500,0.3310051624658366,Male,46,Married,1,Post Graduate,Salaried,Nurse,Indore,Madhya Pradesh,Family Owned,4,Pending,860,2,0,1,0,0,0,1320000,400000,289,0.303030303030303,257617.2,77351.82,28867.94,257772.304,10,180265.38,3.330460744168657,0,0.15517337266612394,16,Low
Personal,Debt Consolidation,549000,48,16.62,150100,21600,0.249,0,1801200,0.304796802131912,Female,58,Married,1,Graduate,Salaried,HR Manager,Chennai,Tamil Nadu,Rented,7,Pending,701,6,1,0,0,0,0,747000,26100,456,0.0349397590361445,12305.27,105439.67,40671.42,190319.71285714285,7,-93134.4,0.1167043675307405,0,0.15855688574795307,16,Low
Education,Skill Certification,525000,120,11.97,22000,1200,0.397,0,263700,1.9908987485779293,Female,29,Single,0,Graduate,Self-Employed,Lawyer,Nagpur,Maharashtra,Family Owned,7,Verified,593,1,2,1,0,0,0,219000,127200,88,0.5808219178082191,39183.66,39534.65,5700.01,36480.14333333333,12,-350.989999999998,0.991121965162206,1,0.6102210677114461,61,Medium
Auto,New Car,400000,24,9.52,40400,8400,0.663,1,484600,0.8254230293025175,Male,45,Divorced,0,Graduate,Retired,Retired Government Employee,Jaipur,Rajasthan,Rented,8,Pending,657,6,3,1,1,0,0,324000,36300,281,0.112037037037037,36548.87,35778.68,0.0,49148.84571428572,7,770.1900000000023,1.0215265068470945,0,0.4602936904150362,46,Medium
Gold,Gold Loan,210000,12,14.39,36600,1200,0.549,1,439100,0.4782509678888635,Male,48,Single,3,Post Graduate,Salaried,Sales Executive,Gurugram,Haryana,Family Owned,18,Pending,689,5,0,0,0,0,0,252000,162500,279,0.6448412698412699,15767.48,21332.05,0.0,47270.39333333333,6,-5564.57,0.739145089196772,1,0.34052316166193575,34,Medium
Personal,Home Renovation,1373000,60,13.2,56500,1100,0.575,0,678100,2.024775106916384,Male,48,Married,2,Graduate,Salaried,Bank Officer,Nagpur,Maharashtra,Owned,1,Verified,758,2,0,1,0,0,0,416000,156000,305,0.375,199356.46,34390.65,5022.46,102143.036,10,164965.81,5.79682151980262,1,0.32356221086388154,32,Low
Education,Study Abroad,1730000,24,10.78,201900,48600,0.639,0,2422600,0.7141088087179064,Male,46,Married,0,Professional Degree,Business Owner,Contractor,Gurugram,Haryana,Mortgaged,11,Verified,726,3,0,1,0,0,0,1153000,40400,277,0.0350390286209887,367935.53,151707.47,0.0,415576.67,6,216228.06000000003,2.4252960648542885,0,0.18573167598630272,19,Low
Education,Higher Studies India,2052000,120,11.23,54600,11300,0.73,0,654600,3.1347387717690194,Male,39,Married,2,Graduate,Salaried,Nurse,Gurugram,Haryana,Rented,19,Pending,694,5,2,0,0,0,0,492000,200200,214,0.406910569105691,0.0,52709.630000000005,0.0,83645.7775,4,-52709.630000000005,0.0,1,0.38546178857647034,39,Medium
Home,Home Construction,4505000,60,10.08,70200,4000,1.423,1,842700,5.345911949685535,Female,24,Married,5,Diploma,Salaried,Sales Executive,Chandigarh,Chandigarh,Rented,1,Verified,826,8,1,0,0,0,0,648000,14900,6,0.0229938271604938,132944.65,80291.86,20780.35,119329.77333333332,6,52652.78999999999,1.6557674713227466,0,0.2532184575622482,25,Low
Personal,Home Renovation,98000,84,12.4,42000,13600,0.366,0,503900,0.194483032347688,Male,54,Married,1,Graduate,Salaried,Nurse,Jaipur,Rajasthan,Family Owned,12,Pending,725,3,0,0,0,0,0,407000,32200,350,0.0791154791154791,88550.88,25477.2,0.0,66829.46428571429,7,63073.68000000001,3.4756912062550045,0,0.2625850288223701,26,Low
Personal,Debt Consolidation,1190000,48,16.0,151000,15600,0.327,0,1812400,0.6565879496799824,Female,32,Single,3,Graduate,Retired,Retired Private Sector,Mysuru,Karnataka,Rented,6,Pending,729,10,3,0,0,0,0,576000,273600,123,0.475,182184.73,226047.62,0.0,276638.7175,12,-43862.88999999999,0.8059573022710879,0,0.1761192005109648,18,Low
Personal,Travel,1340000,84,20.52,55200,9900,0.725,0,663000,2.021116138763197,Male,52,Single,2,Post Graduate,Salaried,Nurse,Bhopal,Madhya Pradesh,Owned,5,Verified,698,3,1,1,0,0,0,187000,18300,330,0.0978609625668449,62641.39,85682.1,0.0,112867.10222222222,9,-23040.710000000006,0.7310907412400023,0,0.3083442955419763,31,Low
Auto,Used Car,639000,60,10.42,32100,5000,0.584,1,384700,1.6610345723940734,Female,33,Married,1,Diploma,Self-Employed,Doctor (Practice),Pune,Maharashtra,Owned,7,Verified,681,6,1,1,1,0,0,91000,14100,105,0.1549450549450549,0.0,43285.2,0.0,46464.708333333336,6,-43285.2,0.0,0,0.42776699254566747,43,Medium
Personal,Medical Emergency,818000,60,18.69,28500,5700,0.939,0,342200,2.39041496201052,Male,23,Single,2,Graduate,Salaried,Analyst,Pune,Maharashtra,Owned,5,Verified,602,6,0,1,0,0,0,213000,43900,27,0.2061032863849765,27639.72,40453.52,8407.07,48562.71363636363,11,-12813.799999999996,0.6832463528513713,0,0.4198508437587958,42,Medium
Auto,New Car,1383000,48,13.08,31600,10000,1.494,1,378900,3.6500395882818686,Male,49,Married,1,Post Graduate,Salaried,Teacher,Indore,Madhya Pradesh,Family Owned,3,Verified,620,2,1,1,0,0,0,326000,164600,290,0.5049079754601227,29536.54,24474.57,0.0,62466.345,4,5061.970000000001,1.2068256970398257,0,0.6408215492719934,64,Medium
Business,Equipment Purchase,959000,12,15.19,54100,2700,1.651,0,649500,1.476520400307929,Female,57,Single,1,Graduate,Self-Employed,Freelance Designer,Kochi,Kerala,Rented,13,Pending,771,3,0,0,0,0,0,292000,153600,444,0.5260273972602739,105017.42,37625.350000000006,0.0,77660.03142857143,7,67392.06999999999,2.791134700408102,1,0.5080213669792678,51,Medium
Personal,Wedding,574000,48,13.03,146000,9100,0.168,0,1752100,0.3276068717538953,Female,64,Married,2,Graduate,Self-Employed,Consultant,Mumbai,Maharashtra,Rented,16,Verified,733,3,0,0,0,0,0,1290000,322500,480,0.25,272088.68000000005,205116.74,38433.8,245535.695,10,66971.94000000006,1.326506456762135,1,0.20276345815320343,20,Low
Personal,Travel,1343000,24,19.4,41700,4100,1.73,0,499900,2.686537307461492,Female,32,Married,0,Graduate,Self-Employed,Lawyer,Hyderabad,Telangana,Family Owned,14,Verified,629,2,1,2,0,0,0,292000,99900,100,0.3421232876712329,38359.67,27816.54,0.0,41228.6275,4,10543.129999999996,1.3790237750633256,1,0.7342559992983411,73,High
Education,Higher Studies India,1027000,84,10.81,40400,10700,0.698,0,484800,2.118399339933993,Male,49,Widowed,3,Graduate,Salaried,HR Manager,Pune,Maharashtra,Owned,6,Pending,557,0,3,1,1,1,0,339000,197600,314,0.5828908554572272,0.0,23133.03,0.0,54631.58200000001,5,-23133.03,0.0,0,0.7530160928770774,75,High
Personal,Wedding,1099000,60,17.07,44600,6700,0.764,1,535000,2.054205607476636,Female,26,Married,2,Graduate,Self-Employed,Freelance Designer,Surat,Gujarat,Rented,8,Verified,593,4,4,2,2,1,0,322000,27400,53,0.0850931677018633,80240.78,40978.0,13300.95,63381.54888888888,9,39262.78,1.9581429059495337,0,0.7035010403914368,70,High
Gold,Gold Loan,555000,36,12.51,58600,3200,0.372,1,703100,0.7893613995164273,Female,48,Single,4,Graduate,Salaried,Sales Executive,Noida,Uttar Pradesh,Rented,0,Verified,687,2,0,1,0,0,0,170000,74300,335,0.4370588235294118,12233.37,16882.77,0.0,91614.155,4,-4649.4,0.7246068032674733,0,0.3092002357514542,31,Low
Personal,Debt Consolidation,178000,48,17.32,42900,1100,0.146,0,514600,0.3458997279440342,Male,34,Single,2,Graduate,Business Owner,Trader,Noida,Uttar Pradesh,Owned,6,Verified,762,5,1,0,0,0,0,453000,40800,111,0.0900662251655629,37946.68,79555.47,0.0,64904.0675,12,-41608.79,0.4769839207787975,0,0.2224399002444912,22,Low
Auto,Two Wheeler,1998000,48,12.42,42400,3200,1.326,1,508700,3.9276587379595047,Female,34,Single,1,Graduate,Salaried,Bank Officer,Hyderabad,Telangana,Mortgaged,1,Verified,581,4,2,3,1,0,0,339000,170200,146,0.5020648967551622,101821.08,59436.99,0.0,71038.6475,12,42384.09,1.71309280634837,1,0.6833287422254497,68,High
Gold,Gold Loan,406000,12,12.35,22500,900,1.644,1,270400,1.5014792899408285,Male,39,Married,0,Diploma,Self-Employed,Freelance Designer,Chennai,Tamil Nadu,Rented,7,Verified,653,4,0,0,0,0,0,90000,23000,206,0.2555555555555555,67992.75,39510.59,11934.8,35810.08416666667,12,28482.160000000003,1.7208740745202744,0,0.7004592199832789,70,High
Personal,Home Renovation,1385000,84,18.99,51800,2300,0.622,0,621600,2.228120978120978,Male,48,Married,2,Graduate,Salaried,Sales Executive,Coimbatore,Tamil Nadu,Owned,2,Verified,716,4,0,1,0,0,0,232000,84200,277,0.3629310344827586,0.0,33435.58,0.0,71193.72750000001,4,-33435.58,0.0,0,0.30298499135644497,30,Low
Business,Equipment Purchase,3118000,36,19.89,155500,21400,0.881,1,1866500,1.670506295204929,Male,43,Married,1,Graduate,Salaried,Nurse,Mumbai,Maharashtra,Owned,7,Pending,739,5,1,0,0,0,0,567000,90200,251,0.1590828924162257,137467.82,132440.21,0.0,133759.33000000002,4,5027.610000000015,1.037961356298061,0,0.20631290486829876,21,Low
Personal,Home Renovation,457000,36,13.25,175300,35500,0.291,0,2104000,0.2172053231939163,Female,32,Married,1,Professional Degree,Self-Employed,Lawyer,Ahmedabad,Gujarat,Rented,3,Verified,794,7,1,0,0,0,0,914000,97800,140,0.1070021881838074,0.0,193252.28,61200.8,197177.56333333327,6,-193252.28,0.0,0,0.08363299504503943,8,Low
Auto,New Car,620000,36,12.04,41400,7800,0.686,1,497100,1.247233956950312,Male,45,Married,0,Post Graduate,Business Owner,Manufacturer,Kolkata,West Bengal,Owned,24,Pending,688,3,0,0,0,0,0,357000,167400,267,0.4689075630252101,34544.59,20907.3,7838.34,68007.79,6,13637.289999999995,1.6522740860847644,1,0.40172783880698437,40,Medium
Gold,Gold Loan,214000,36,14.05,18900,6300,0.72,1,226900,0.9431467606875276,Female,21,Single,2,Graduate,Salaried,Nurse,Coimbatore,Tamil Nadu,Mortgaged,3,Verified,598,1,3,5,1,0,0,119000,31700,6,0.2663865546218487,19683.94,23220.7,4291.98,31919.896,10,-3536.760000000002,0.8476893461437424,0,0.6994539785038483,70,High
Auto,New Car,2169000,60,13.72,36900,3600,1.458,1,442300,4.903911372371693,Male,22,Married,0,Graduate,Self-Employed,Lawyer,Kolkata,West Bengal,Rented,4,Verified,685,1,3,0,0,0,0,165000,83500,6,0.5060606060606061,92758.37,47941.61,6540.900000000001,62327.7575,12,44816.76,1.9348196691767336,0,0.6227089363981294,62,Medium
Personal,Medical Emergency,1005000,48,19.92,43900,10600,0.936,0,527300,1.905935899867248,Male,40,Single,2,Graduate,Self-Employed,Lawyer,Bhopal,Madhya Pradesh,Owned,21,Verified,759,5,2,0,0,0,0,445000,103700,217,0.2330337078651685,0.0,71838.62,5685.26,57669.24,8,-71838.62,0.0,0,0.43367934063072044,43,Medium
Personal,Home Renovation,705000,12,18.53,32000,3300,2.127,0,384300,1.834504293520687,Male,37,Married,1,Graduate,Salaried,HR Manager,Ahmedabad,Gujarat,Owned,19,Pending,689,2,5,0,0,0,0,334000,152000,198,0.4550898203592814,146860.16,33867.76,6681.110000000001,67758.245,12,112992.4,4.3362820570359535,0,0.7499611156679412,75,High
Auto,Used Car,583000,36,9.21,19800,1900,1.034,1,237800,2.451640033641716,Female,44,Married,0,High School,Retired,Retired Private Sector,Kolkata,West Bengal,Mortgaged,20,Verified,611,1,0,0,0,0,0,75000,16000,256,0.2133333333333333,19780.42,9221.5,0.0,37334.994,5,10558.919999999998,2.1450328037737894,1,0.5882175252674201,59,Medium
Personal,Wedding,199000,60,16.28,31000,4200,0.293,1,371500,0.5356662180349933,Male,26,Widowed,2,Diploma,Business Owner,Manufacturer,Hyderabad,Telangana,Mortgaged,8,Verified,590,7,1,1,1,0,0,234000,24100,62,0.1029914529914529,0.0,39670.31,14914.75,37630.478,5,-39670.31,0.0,0,0.39221938008723917,39,Medium
Personal,Travel,774000,84,19.03,43200,5800,0.522,0,518200,1.4936318023928985,Male,34,Single,0,High School,Self-Employed,Architect,Ahmedabad,Gujarat,Family Owned,14,Pending,683,5,4,0,0,0,0,216000,81200,154,0.3759259259259259,0.0,74010.25,0.0,78830.21777777777,9,-74010.25,0.0,0,0.43917852667720325,44,Medium
Auto,New Car,1301000,60,13.76,30500,8200,1.258,1,365500,3.5595075239398084,Male,30,Single,0,Graduate,Salaried,Software Engineer,Hyderabad,Telangana,Owned,12,Verified,556,4,3,1,0,0,0,245000,146800,118,0.5991836734693877,30412.22,29208.46,0.0,60034.94571428571,7,1203.760000000002,1.041212717137432,0,0.6308578950482842,63,Medium
Home,Home Construction,10919000,48,8.98,18600,4500,3.0,1,223700,48.810907465355385,Male,31,Married,0,Diploma,Salaried,Analyst,Hyderabad,Telangana,Rented,13,Verified,604,2,2,1,0,0,0,172000,80000,122,0.4651162790697674,23781.06,16609.28,3730.2,23874.57222222222,9,7171.779999999999,1.4317935515567202,1,0.838870814818473,84,High
Business,Working Capital,1011000,84,12.76,13000,3400,1.666,0,156000,6.480769230769231,Male,36,Married,0,Diploma,Salaried,Teacher,Lucknow,Uttar Pradesh,Mortgaged,10,Verified,473,2,4,1,0,0,0,87000,49300,171,0.5666666666666667,28076.72,13365.72,2492.61,28293.672,10,14711.000000000002,2.10065151746408,0,0.833308393962717,83,High
Business,Equipment Purchase,4381000,60,12.47,126400,9300,0.853,0,1516300,2.88926993339049,Male,35,Single,0,Professional Degree,Salaried,Accountant,Noida,Uttar Pradesh,Family Owned,3,Pending,762,7,2,0,0,0,0,705000,154400,125,0.2190070921985815,171964.55,211737.97,18860.4,178595.874,10,-39773.42000000001,0.8121573565667036,0,0.19030996891047317,19,Low
Personal,Travel,161000,60,22.21,70100,11200,0.223,0,841700,0.1912795532850184,Male,38,Married,2,Graduate,Salaried,HR Manager,Bhopal,Madhya Pradesh,Rented,20,Verified,742,7,1,0,0,0,0,359000,163700,193,0.4559888579387187,191492.37,77999.58,0.0,146255.36625,8,113492.79,2.455043604080945,0,0.22513011834133298,23,Low
Personal,Travel,270000,24,19.53,21100,2500,0.767,0,253000,1.067193675889328,Male,37,Married,0,Diploma,Salaried,Teacher,Delhi,Delhi,Family Owned,2,Verified,652,3,1,0,0,0,0,217000,85500,194,0.3940092165898617,6529.98,11285.96,0.0,32582.895,6,-4755.98,0.5785932255652155,1,0.43887748326039383,44,Medium
Business,Working Capital,1253000,48,13.34,37200,5800,1.066,0,446000,2.809417040358744,Female,21,Divorced,1,Graduate,Salaried,Sales Executive,Ahmedabad,Gujarat,Owned,3,Verified,620,1,1,3,0,0,0,250000,126800,11,0.5072,11868.99,73884.81,6808.38,53739.91181818182,11,-62015.82,0.1606418152797577,1,0.6416699262134916,64,Medium
Auto,Two Wheeler,2132000,24,12.85,61600,1600,1.67,1,738700,2.8861513469608773,Male,27,Married,1,Post Graduate,Salaried,HR Manager,Chennai,Tamil Nadu,Owned,9,Verified,653,2,2,1,0,0,0,600000,205800,52,0.343,203327.36,13289.63,13289.63,127997.14,7,190037.73,15.29970059362074,1,0.6505529232246239,65,Medium
Education,Skill Certification,226000,48,10.0,69500,21700,0.395,1,833700,0.2710807244812283,Male,31,Divorced,2,Graduate,Self-Employed,Architect,Indore,Madhya Pradesh,Family Owned,11,Verified,703,4,2,0,0,0,0,742000,93500,110,0.126010781671159,199594.32,75755.42,0.0,111727.869,10,123838.9,2.6347199975922515,0,0.49493625779482203,49,Medium
Auto,Two Wheeler,583000,84,9.3,70400,24600,0.484,1,845300,0.6896959659292559,Male,36,Single,1,Post Graduate,Self-Employed,Doctor (Practice),Coimbatore,Tamil Nadu,Owned,7,Verified,631,4,0,2,0,0,0,294000,187600,187,0.638095238095238,160114.32,89663.21,24335.42,104623.94636363637,11,70451.11,1.7857304015771909,0,0.45952727165925833,46,Medium
Auto,Used Car,905000,84,13.72,49800,7800,0.494,1,597600,1.5143908969210174,Female,50,Married,0,Post Graduate,Salaried,Nurse,Pune,Maharashtra,Rented,11,Verified,746,3,2,0,0,0,0,384000,61800,348,0.1609375,19945.75,102451.29,0.0,74260.76,11,-82505.54,0.1946852011331434,0,0.26004947819574187,26,Low
Personal,Wedding,533000,48,11.02,48000,11000,0.516,0,576000,0.9253472222222222,Male,32,Single,1,Graduate,Business Owner,Trader,Hyderabad,Telangana,Mortgaged,5,Verified,813,6,2,1,0,0,0,429000,113700,111,0.265034965034965,90155.64,35499.05,14939.29,112366.72000000002,6,54656.59000000001,2.53966345578262,0,0.25996982819597847,26,Low
Auto,New Car,1575000,36,10.9,31600,7700,1.874,1,379000,4.155672823218997,Male,28,Divorced,1,Graduate,Salaried,HR Manager,Bengaluru,Karnataka,Rented,10,Verified,653,1,2,3,0,0,0,178000,35200,75,0.197752808988764,28586.03,18929.84,0.0,61509.545,4,9656.19,1.5101041530197823,1,0.7235614595566994,72,High
Personal,Medical Emergency,82000,24,23.63,17500,1100,0.31,0,210000,0.3904761904761905,Male,43,Married,2,High School,Salaried,Sales Executive,Bengaluru,Karnataka,Rented,24,Pending,627,1,5,3,0,0,0,113000,33800,251,0.2991150442477876,18240.59,5069.99,0.0,41234.02,4,13170.599999999997,3.5977566030702226,0,0.5697862276558615,57,Medium
Gold,Gold Loan,500000,12,9.52,44400,6200,1.126,1,533400,0.9373828271466068,Female,58,Married,0,Post Graduate,Salaried,Bank Officer,Bhopal,Madhya Pradesh,Mortgaged,0,Verified,736,5,0,0,0,0,0,416000,287500,454,0.6911057692307693,43978.56,53131.84,22422.57,94773.53571428572,7,-9153.28,0.8277251456000772,0,0.486063906341918,49,Medium
Personal,Home Renovation,1234000,84,11.76,35200,4000,0.729,0,421900,2.9248637117800427,Male,41,Single,2,High School,Self-Employed,Doctor (Practice),Coimbatore,Tamil Nadu,Rented,23,Verified,701,5,4,1,0,0,0,289000,67300,194,0.2328719723183391,34840.21,31532.68,0.0,72849.58285714286,7,3307.529999999999,1.1048921309574702,0,0.5121243223944695,51,Medium
Auto,Used Car,693000,12,12.66,45800,7400,1.512,1,549100,1.2620651975960664,Male,43,Married,2,Professional Degree,Salaried,HR Manager,Lucknow,Uttar Pradesh,Owned,22,Verified,694,5,0,2,0,0,0,228000,85300,261,0.3741228070175438,0.0,63408.09,0.0,82679.52428571429,7,-63408.09,0.0,1,0.557303686407802,56,Medium
Business,Business Expansion,801000,48,13.04,31400,3600,0.799,0,377200,2.123541887592789,Male,35,Widowed,1,Professional Degree,Salaried,Software Engineer,Mysuru,Karnataka,Mortgaged,16,Verified,596,4,5,1,1,0,0,334000,144000,164,0.4311377245508982,40091.92,59196.17,9147.19,52104.67454545455,11,-19104.25,0.6772721951437061,0,0.6367799656290645,64,Medium
Auto,New Car,2045000,60,13.03,52700,2000,0.922,1,632000,3.2357594936708862,Female,52,Divorced,1,Graduate,Retired,Retired Private Sector,Mysuru,Karnataka,Rented,12,Verified,621,7,0,1,0,0,0,440000,71300,357,0.1620454545454545,5472.72,21543.37,12521.24,70088.8925,4,-16070.649999999998,0.2540326791955019,0,0.4759384396700408,48,Medium
Auto,New Car,2045000,48,13.98,51300,2400,1.136,1,615300,3.323581992523972,Female,21,Married,1,Professional Degree,Business Owner,Trader,Mysuru,Karnataka,Mortgaged,3,Verified,652,4,0,1,0,0,0,355000,52900,6,0.1490140845070422,49558.9,93957.77,0.0,79585.91916666667,12,-44398.86999999999,0.527459304323634,0,0.4246633454398185,42,Medium
Personal,Debt Consolidation,233000,24,20.98,25100,2300,0.568,0,301400,0.7730590577305906,Female,43,Married,1,Graduate,Salaried,Teacher,Indore,Madhya Pradesh,Rented,4,Verified,667,2,1,0,0,0,0,248000,97200,262,0.3919354838709677,23087.23,17000.39,3005.22,49661.08,5,6086.84,1.3580411978784015,0,0.4484610684054639,45,Medium
Education,Skill Certification,3274000,60,11.7,157200,21400,0.596,0,1886300,1.7356730106557812,Male,36,Widowed,0,Graduate,Business Owner,Retail Store Owner,Ahmedabad,Gujarat,Mortgaged,13,Verified,820,2,1,0,0,0,0,1451000,380200,179,0.262026188835286,274403.83,103984.42,14660.94,215356.92285714284,7,170419.41000000003,2.6388936919588533,0,0.26190621847835677,26,Low
Personal,Travel,1329000,36,16.99,65600,17600,0.991,0,786900,1.688905833015631,Male,52,Married,1,Graduate,Business Owner,Trader,Mumbai,Maharashtra,Owned,23,Verified,682,0,1,0,0,0,0,343000,127300,378,0.3711370262390671,0.0,115461.36,0.0,96822.87666666666,9,-115461.36,0.0,0,0.5207356946997309,52,Medium
Personal,Travel,79000,12,16.37,59900,12900,0.335,0,719100,0.1098595466555416,Female,49,Married,1,Graduate,Retired,Retired Government Employee,Pune,Maharashtra,Owned,0,Pending,746,5,1,0,0,0,0,645000,82600,330,0.1280620155038759,60323.21,31899.75,13449.26,100587.35166666668,6,28423.46,1.8910245378098571,0,0.2671163646147134,27,Low
Gold,Gold Loan,283000,36,12.48,25200,2200,0.463,1,302200,0.9364659166115156,Male,53,Single,2,High School,Salaried,Accountant,Kolkata,West Bengal,Mortgaged,5,Pending,594,1,3,4,2,1,0,210000,101800,384,0.4847619047619048,23590.34,17729.45,0.0,43443.0725,4,5860.889999999999,1.3305737064601553,0,0.6921152221152898,69,High
Personal,Travel,1225000,24,13.14,45300,2200,1.337,0,543100,2.255569876634137,Male,21,Married,1,Graduate,Self-Employed,Freelance Designer,Chandigarh,Chandigarh,Mortgaged,3,Verified,681,2,0,1,0,0,0,457000,265100,6,0.5800875273522976,41802.58,50336.77,12358.35,64257.24,7,-8534.190000000002,0.8304581322957353,0,0.6468402574542077,65,Medium
Personal,Travel,283000,48,19.83,54200,300,0.164,0,650100,0.4353176434394708,Male,26,Married,0,Post Graduate,Self-Employed,Lawyer,Coimbatore,Tamil Nadu,Rented,8,Verified,643,4,1,4,0,0,0,456000,66100,29,0.1449561403508772,102106.81,40095.13,0.0,86212.365,6,62011.68,2.546613765811459,0,0.43417794622016675,43,Medium
Auto,New Car,601000,48,10.09,61700,3300,0.301,1,740900,0.8111755972465919,Male,51,Married,1,Post Graduate,Salaried,Bank Officer,Coimbatore,Tamil Nadu,Mortgaged,18,Verified,779,6,3,2,1,0,0,152000,3000,357,0.0197368421052631,26233.06,52696.47,0.0,123185.442,5,-26463.41,0.4978143697291299,0,0.2558121973477278,26,Low
Education,Study Abroad,2905000,120,11.31,36500,9000,1.355,0,438500,6.624857468643102,Male,37,Married,1,Post Graduate,Business Owner,Manufacturer,Gurugram,Haryana,Mortgaged,6,Verified,576,3,1,3,0,0,0,94000,10900,184,0.1159574468085106,107688.62,39716.28,12627.67,60326.336,10,67972.34,2.711447799240009,0,0.6758370265228107,68,High
Gold,Gold Loan,225000,24,13.46,49600,800,0.233,1,594900,0.37821482602118,Female,24,Married,3,Post Graduate,Salaried,HR Manager,Hyderabad,Telangana,Mortgaged,6,Verified,688,5,3,1,1,0,0,133000,60600,6,0.4556390977443609,157245.52000000002,62046.23,8016.28,71615.68666666666,12,95199.29000000002,2.534328354841221,0,0.26601759127762475,27,Low
Auto,Two Wheeler,2147000,84,12.8,24100,5600,1.843,1,289300,7.421361908053924,Male,70,Divorced,2,Post Graduate,Salaried,Accountant,Jaipur,Rajasthan,Owned,21,Pending,733,5,2,1,0,0,0,229000,70100,480,0.3061135371179039,0.0,27345.2,263.85,37851.648571428566,7,-27345.2,0.0,0,0.5403818170947977,54,Medium
Education,Higher Studies India,460000,48,9.86,73700,15000,0.361,0,884300,0.5201854574239512,Female,55,Single,1,High School,Self-Employed,Consultant,Gurugram,Haryana,Owned,16,Verified,726,10,3,2,0,0,0,567000,113400,408,0.2,279231.78,78329.9,16196.83,154241.52636363637,11,200901.88000000003,3.5648172664589133,0,0.3928330160330101,39,Medium
Personal,Wedding,149000,48,22.95,10000,2700,0.747,1,120000,1.2416666666666667,Female,43,Married,1,Graduate,Salaried,HR Manager,Gurugram,Haryana,Family Owned,16,Verified,622,4,2,2,0,0,0,55000,34300,274,0.6236363636363637,13430.8,10666.67,2681.49,17762.454999999998,10,2764.130000000001,1.2591371065196544,0,0.6155597330496856,62,Medium
Education,Skill Certification,1634000,12,10.92,162500,28900,1.066,0,1949600,0.8381206401313089,Male,43,Single,2,Post Graduate,Salaried,Sales Executive,Noida,Uttar Pradesh,Family Owned,19,Verified,792,5,2,0,0,0,0,837000,149000,232,0.1780167264038231,61970.76,132956.7,0.0,273201.79,6,-70985.94000000002,0.4660973083718232,0,0.22816295807960046,23,Low
Personal,Wedding,1147000,12,20.04,71000,5800,1.578,0,852100,1.3460861401243986,Female,29,Single,2,Graduate,Self-Employed,Consultant,Ahmedabad,Gujarat,Owned,3,Pending,738,4,2,1,0,0,0,604000,50100,103,0.0829470198675496,233701.83,109978.88,19764.57,136197.14272727273,11,123722.95,2.124970085165443,0,0.46651870890305436,47,Medium
Education,Higher Studies India,1206000,36,11.27,80700,27300,0.829,0,968600,1.245096014866818,Female,60,Married,2,Graduate,Salaried,Teacher,Mumbai,Maharashtra,Mortgaged,11,Verified,678,4,1,0,0,0,0,705000,470200,471,0.6669503546099291,98799.94,76021.95,0.0,151577.78,6,22777.98999999999,1.299623858635565,1,0.5090565803609653,51,Medium
Education,Higher Studies India,1913000,84,12.85,117100,1600,0.31,1,1405000,1.3615658362989325,Male,28,Married,2,Post Graduate,Salaried,Nurse,Mysuru,Karnataka,Mortgaged,10,Verified,794,2,3,0,0,0,0,616000,99800,69,0.162012987012987,229677.85,68950.03,9108.14,210793.81500000003,6,160727.82,3.331076868276925,0,0.18313801796196527,18,Low
Home,Plot Purchase,2894000,120,9.01,44700,13100,1.115,1,535900,5.400261242769173,Male,55,Single,2,Graduate,Self-Employed,Chartered Accountant,Noida,Uttar Pradesh,Rented,14,Verified,667,6,0,0,0,0,0,456000,204300,361,0.4480263157894736,97193.78,64397.52,0.0,96120.489,10,32796.259999999995,1.509278307611846,0,0.5554181944819758,56,Medium
Auto,New Car,408000,60,10.36,31500,8100,0.534,1,378400,1.0782241014799154,Male,21,Married,1,High School,Self-Employed,Consultant,Chandigarh,Chandigarh,Family Owned,1,Verified,613,1,2,1,0,0,0,336000,127300,6,0.3788690476190476,87969.66,39220.47,4647.89,54890.90700000001,10,48749.19,2.2429527234120346,0,0.5780749420495132,58,Medium
Auto,Two Wheeler,643000,84,12.75,40600,900,0.308,1,487100,1.320057483063026,Male,47,Single,1,Post Graduate,Salaried,Software Engineer,Hyderabad,Telangana,Owned,6,Verified,657,0,0,0,0,0,0,433000,170600,304,0.3939953810623556,38449.28,55195.4,0.0,72539.46714285715,7,-16746.120000000003,0.6966029777843805,0,0.2594759437793404,26,Low
Auto,New Car,1494000,84,13.19,65000,13100,0.622,1,779700,1.9161215852250864,Female,35,Single,3,Post Graduate,Salaried,Software Engineer,Ahmedabad,Gujarat,Owned,17,Verified,781,2,2,0,0,0,0,305000,53700,174,0.1760655737704918,28085.97,21915.45,3090.71,105792.982,5,6170.520000000004,1.2815602691252064,0,0.17635386867563835,18,Low
Personal,Travel,526000,60,11.19,33900,5000,0.486,1,406800,1.2930186823992134,Female,43,Single,1,Graduate,Salaried,Sales Executive,Bengaluru,Karnataka,Rented,14,Verified,640,1,1,0,0,0,0,191000,18700,258,0.0979057591623036,5074.94,31341.49,8156.67,47336.84142857143,7,-26266.55,0.1619240182901323,0,0.41923836346108306,42,Medium
Personal,Wedding,994000,84,22.17,41100,7700,0.757,0,493100,2.015818292435612,Male,54,Single,2,Graduate,Retired,Retired Government Employee,Kolkata,West Bengal,Rented,18,Verified,702,3,1,1,0,0,0,205000,24000,384,0.1170731707317073,71930.37,35379.97,0.0,51959.801666666666,6,36550.4,2.03308171261875,1,0.3654822359433787,37,Medium
Personal,Debt Consolidation,1491000,12,20.99,17300,1100,3.0,0,208100,7.164824603555982,Male,44,Married,4,Diploma,Salaried,Teacher,Kolkata,West Bengal,Mortgaged,16,Verified,586,0,3,0,0,0,0,94000,54000,230,0.574468085106383,15380.69,31113.92,0.0,25785.164545454547,11,-15733.229999999998,0.4943346900679825,0,0.8717254305203241,87,High
Personal,Debt Consolidation,1340000,24,15.61,33700,3500,2.043,0,404400,3.3135509396636995,Male,45,Single,4,Graduate,Salaried,Software Engineer,Bengaluru,Karnataka,Owned,9,Verified,683,3,0,0,0,0,0,240000,170200,279,0.7091666666666666,0.0,33516.86,9599.09,54274.47833333333,6,-33516.86,0.0,1,0.6289275377153447,63,Medium
Business,Equipment Purchase,4979000,36,14.95,72100,22100,2.697,0,865600,5.752079482439926,Male,38,Married,0,Graduate,Salaried,HR Manager,Lucknow,Uttar Pradesh,Mortgaged,9,Verified,760,4,0,0,0,0,0,189000,42500,205,0.2248677248677248,203853.36,35433.93,23780.33,141446.63428571427,7,168419.43,5.753055334251662,0,0.6009571188205793,60,Medium
Personal,Medical Emergency,1025000,36,15.06,69600,14000,0.712,0,835200,1.2272509578544062,Male,48,Single,1,Graduate,Salaried,Nurse,Jaipur,Rajasthan,Mortgaged,19,Verified,754,3,1,0,0,0,0,191000,50000,293,0.2617801047120419,56569.04,25218.5,0.0,119408.5025,4,31350.54,2.24315641295081,0,0.28552607783842926,29,Low
Personal,Debt Consolidation,929000,12,23.49,58900,2400,1.529,0,706400,1.315118912797282,Male,59,Single,0,High School,Self-Employed,Chartered Accountant,Kolkata,West Bengal,Rented,23,Verified,715,3,0,0,0,1,0,174000,29100,409,0.1672413793103448,12749.57,60283.53999999999,0.0,110925.244,5,-47533.97,0.2114933860884746,1,0.6149010176653682,61,Medium
Education,Higher Studies India,3148000,48,10.49,138600,21100,0.734,1,1662600,1.8934199446649824,Male,36,Married,1,Graduate,Business Owner,Trader,Mumbai,Maharashtra,Mortgaged,18,Verified,685,0,4,0,0,0,0,428000,393300,164,0.9189252336448598,120121.04,22850.48,0.0,236234.56,4,97270.56,5.256827865322742,0,0.6072060604877205,61,Medium
Home,Home Purchase,5352000,84,9.86,55900,5700,1.684,1,670800,7.978533094812165,Female,38,Married,3,Professional Degree,Business Owner,Restaurant Owner,Kochi,Kerala,Rented,8,Pending,644,5,1,1,0,0,0,496000,116600,205,0.2350806451612903,30823.06,26569.26,6575.55,100514.12166666666,6,4253.799999999999,1.1601023137264643,1,0.6469677997631006,65,Medium
Personal,Home Renovation,329000,24,11.91,157200,48800,0.409,0,1886300,0.1744155224513598,Male,36,Widowed,0,Graduate,Business Owner,Retail Store Owner,Ahmedabad,Gujarat,Mortgaged,13,Verified,820,2,1,0,0,0,0,1451000,380200,179,0.262026188835286,274403.83,103984.42,14660.94,215356.92285714284,7,170419.41000000003,2.6388936919588533,0,0.1985539682541611,20,Low
Personal,Wedding,1429000,12,14.48,77400,13900,1.84,0,929300,1.5377165608522545,Male,47,Married,0,Graduate,Self-Employed,Doctor (Practice),Coimbatore,Tamil Nadu,Family Owned,12,Verified,628,5,1,2,0,0,0,524000,253600,321,0.4839694656488549,14775.78,156163.81,10800.56,129629.87583333334,12,-141388.03,0.0946171843527639,0,0.7983726510433303,80,High
Gold,Gold Loan,368000,12,12.21,25200,6200,1.543,1,302700,1.2157251404030394,Male,29,Single,2,Post Graduate,Salaried,Nurse,Hyderabad,Telangana,Owned,11,Verified,691,2,0,1,0,0,0,135000,37100,101,0.2748148148148148,0.0,19096.81,3991.78,37219.764,5,-19096.81,0.0,0,0.4831683321709464,48,Medium
Personal,Medical Emergency,391000,12,13.5,58300,1100,0.619,0,699800,0.5587310660188626,Female,59,Married,0,High School,Business Owner,Trader,Pune,Maharashtra,Mortgaged,0,Pending,667,4,4,2,0,0,0,451000,107800,439,0.2390243902439024,112311.29,71310.31,0.0,109166.69625,8,41000.98000000001,1.5749656676573136,0,0.5313916937295746,53,Medium
Auto,Two Wheeler,1221000,84,9.41,43100,4200,0.559,1,517500,2.3594202898550725,Male,43,Married,3,Post Graduate,Salaried,Analyst,Indore,Madhya Pradesh,Rented,11,Verified,790,3,2,0,0,0,0,457000,54800,271,0.1199124726477024,0.0,50812.23,3246.08,65869.5925,8,-50812.23,0.0,1,0.24525177695917735,25,Low
Personal,Medical Emergency,1470000,60,19.09,40700,2700,1.004,1,488800,3.007364975450082,Male,36,Single,0,Post Graduate,Salaried,Bank Officer,Mysuru,Karnataka,Rented,18,Pending,692,0,3,0,0,0,0,109000,47300,134,0.4339449541284403,10339.75,58165.52,11127.93,50942.58727272727,11,-47825.77,0.177764249335345,1,0.4634948942422358,46,Medium
Auto,New Car,551000,48,10.38,40200,1300,0.383,1,482300,1.14244246319718,Male,40,Single,4,Post Graduate,Self-Employed,Consultant,Noida,Uttar Pradesh,Rented,22,Pending,555,6,7,4,1,0,0,249000,53500,208,0.214859437751004,12029.02,35454.89,5554.24,28904.328,5,-23425.87,0.3392767542079527,0,0.6615135677253473,66,Medium
Personal,Home Renovation,230000,36,12.82,103300,28800,0.354,0,1239900,0.1854988305508508,Male,36,Single,2,Graduate,Business Owner,Restaurant Owner,Chennai,Tamil Nadu,Rented,9,Verified,771,4,3,0,0,0,0,895000,124400,135,0.1389944134078212,97182.38,71763.0,0.0,215189.27,6,25419.380000000005,1.354212895224559,0,0.2454614663776399,25,Low
Personal,Home Renovation,956000,24,15.25,85600,11600,0.679,0,1026700,0.9311385993961236,Male,34,Married,1,Professional Degree,Self-Employed,Chartered Accountant,Chandigarh,Chandigarh,Rented,0,Verified,628,3,4,2,0,1,0,833000,548100,129,0.6579831932773109,104757.84,122981.79,2301.96,102411.87,12,-18223.95,0.8518158663977814,1,0.7478100696843398,75,High
Gold,Gold Loan,129000,12,9.7,30100,5200,0.55,1,360800,0.3575388026607539,Male,29,Married,2,Graduate,Salaried,Teacher,Bhopal,Madhya Pradesh,Rented,11,Verified,659,3,0,1,0,0,0,134000,39400,85,0.2940298507462686,102277.42,48006.23,0.0,46846.09083333333,12,54271.19,2.130503061790105,0,0.5116209328836266,51,Medium
Business,Working Capital,5721000,60,17.53,58700,11700,2.647,0,704900,8.116044829053767,Female,26,Married,2,Post Graduate,Self-Employed,Chartered Accountant,Chandigarh,Chandigarh,Rented,8,Verified,713,4,1,0,0,0,0,421000,72400,63,0.1719714964370546,53941.76,93860.22,0.0,95097.06666666668,9,-39918.46,0.5747031063852184,1,0.6790356505117051,68,High
Home,Home Purchase,4532000,120,8.29,88300,15900,0.811,1,1059800,4.276278543121344,Female,26,Single,1,Diploma,Salaried,Sales Executive,Nagpur,Maharashtra,Owned,8,Pending,709,2,6,0,0,0,0,581000,108100,44,0.1860585197934595,0.0,86323.77,20009.63,143454.296,5,-86323.77,0.0,0,0.393588467210512,39,Medium
Home,Home Construction,2076000,84,8.43,62700,20400,0.849,1,751900,2.761005452852773,Female,70,Married,0,Graduate,Salaried,Nurse,Hyderabad,Telangana,Rented,20,Pending,745,3,1,0,0,0,0,543000,192200,480,0.3539594843462246,60265.06,79265.85,0.0,96988.1425,8,-19000.790000000008,0.7602903394084589,0,0.3996867705516833,40,Medium
Home,Balance Transfer,5977000,60,8.03,60400,10000,2.175,1,724300,8.252105481154217,Female,31,Divorced,1,Diploma,Business Owner,Contractor,Lucknow,Uttar Pradesh,Owned,9,Verified,695,2,1,0,0,0,0,556000,161800,132,0.2910071942446043,51772.61,46429.82,0.0,115400.85,5,5342.790000000001,1.1150723823611637,0,0.6940718613628698,69,High
Auto,Used Car,448000,24,10.8,36300,2100,0.632,1,435800,1.0279944928866454,Female,36,Married,2,Graduate,Self-Employed,Chartered Accountant,Mysuru,Karnataka,Mortgaged,18,Pending,680,3,2,0,0,0,0,385000,69700,189,0.181038961038961,34690.85,38706.2,9062.21,65193.049,10,-4015.349999999999,0.8962608057623843,0,0.538369416762766,54,Medium
Business,Working Capital,2509000,84,16.49,72400,14700,0.902,0,868200,2.889887122782769,Female,55,Divorced,0,Post Graduate,Salaried,Analyst,Mysuru,Karnataka,Owned,15,Verified,694,8,4,0,0,0,0,552000,240700,388,0.4360507246376812,138399.19,56973.79,16029.45,111446.47833333332,6,81425.4,2.4291729583024053,1,0.38911983647096887,39,Medium
Personal,Medical Emergency,685000,60,18.52,213700,58400,0.356,0,2563900,0.2671711065174149,Male,51,Married,0,Professional Degree,Self-Employed,Consultant,Jaipur,Rajasthan,Family Owned,21,Verified,724,4,1,0,0,0,0,1684000,407500,333,0.2419833729216152,195004.6,195088.77,22088.46,407694.0542857143,7,-84.1699999999837,0.9995685553812248,1,0.16166861959720175,16,Low
Auto,Used Car,213000,60,10.48,79600,11200,0.198,1,954700,0.2231067351000314,Male,30,Married,1,Post Graduate,Salaried,Analyst,Coimbatore,Tamil Nadu,Mortgaged,7,Pending,742,5,2,0,0,0,0,401000,104700,80,0.2610972568578553,85508.23999999999,127137.11,40680.13,114545.566,10,-41628.87000000001,0.6725671206463635,0,0.16164230577567817,16,Low
Education,Higher Studies India,3577000,48,10.43,38800,4600,2.477,0,465400,7.68586162440911,Male,46,Single,2,Graduate,Salaried,HR Manager,Pune,Maharashtra,Rented,4,Verified,700,3,2,0,0,0,0,128000,100400,293,0.784375,35092.83,33691.04,2860.0,66297.32833333332,6,1401.7900000000009,1.0416072047642342,1,0.7476835388890501,75,High
Personal,Travel,574000,24,12.4,19000,5100,1.7,0,227500,2.523076923076923,Male,39,Single,1,High School,Business Owner,Contractor,Pune,Maharashtra,Owned,15,Pending,632,3,2,0,0,0,0,89000,22500,198,0.2528089887640449,38267.04,18947.02,5116.96,29368.821666666667,12,19320.02,2.019686473123478,1,0.6895889953808322,69,High
Business,Equipment Purchase,1051000,60,15.06,39900,9200,0.857,1,479200,2.1932387312186976,Female,40,Married,2,Post Graduate,Self-Employed,Consultant,Delhi,Delhi,Mortgaged,5,Verified,575,4,2,1,1,0,0,107000,31600,239,0.2953271028037383,77661.76000000001,47376.59,5296.96,85745.367,10,30285.170000000013,1.6392433478222053,0,0.5313433160098393,53,Medium
Personal,Medical Emergency,413000,48,21.69,54600,9200,0.405,0,655600,0.6299572910311165,Male,38,Single,2,Graduate,Salaried,Sales Executive,Bengaluru,Karnataka,Mortgaged,4,Verified,677,6,1,0,0,0,0,249000,118500,174,0.4759036144578313,98376.09,21879.54,0.0,115708.65,4,76496.54999999999,4.496259519167221,0,0.2637248444510602,26,Low
Personal,Medical Emergency,1166000,48,15.84,28200,6000,1.384,1,337800,3.451746595618709,Female,29,Married,0,High School,Salaried,Teacher,Lucknow,Uttar Pradesh,Mortgaged,0,Verified,643,5,0,2,0,0,0,182000,22000,79,0.1208791208791208,6890.66,47357.71,12952.6,40310.20636363637,11,-40467.05,0.1455023902127024,1,0.532385904029845,53,Medium
Home,Home Purchase,5388000,60,10.47,45400,1500,2.582,1,544900,9.88805285373463,Male,29,Single,0,High School,Salaried,Software Engineer,Indore,Madhya Pradesh,Family Owned,11,Verified,620,6,2,1,0,0,0,344000,77400,67,0.225,45272.59,25007.22,12254.98,73884.52142857143,7,20265.369999999995,1.810380762035924,0,0.8138398160237258,81,High
Personal,Medical Emergency,827000,24,23.09,42700,3500,1.096,0,512800,1.6127145085803432,Male,30,Married,0,Graduate,Self-Employed,Architect,Kochi,Kerala,Family Owned,5,Verified,621,7,1,2,1,0,0,314000,50600,90,0.1611464968152866,9460.22,46957.0,0.0,67187.1588888889,9,-37496.78,0.2014655961837426,0,0.6090651123183448,61,Medium
Personal,Wedding,196000,48,16.59,32700,3400,0.275,0,392900,0.4988546703995927,Female,51,Widowed,0,High School,Salaried,Sales Executive,Jaipur,Rajasthan,Rented,10,Verified,723,3,2,0,0,0,0,197000,12200,331,0.0619289340101522,31404.58,30467.2,0.0,47439.4925,8,937.380000000001,1.0307668574729545,0,0.2808925460414673,28,Low
Personal,Travel,1294000,36,23.14,21800,1000,2.35,0,261400,4.950267788829381,Male,31,Single,0,Post Graduate,Salaried,Bank Officer,Surat,Gujarat,Rented,13,Verified,723,3,2,0,0,0,0,177000,134200,84,0.7581920903954802,27796.58,19644.48,0.0,32891.62142857143,7,8152.100000000002,1.414981714965222,1,0.613710818645155,61,Medium
Personal,Medical Emergency,1294000,60,23.4,53500,3600,0.754,0,642300,2.014634905807255,Male,42,Married,1,Graduate,Self-Employed,Freelance Designer,Kolkata,West Bengal,Family Owned,10,Pending,723,2,4,0,0,0,0,428000,43200,217,0.1009345794392523,51002.06,90363.18,0.0,95094.279,10,-39361.12000000001,0.5644119651388984,0,0.4394325094843106,44,Medium
Personal,Medical Emergency,1300000,36,15.52,90600,3700,0.542,0,1086900,1.196062195234152,Male,69,Married,1,Post Graduate,Salaried,Sales Executive,Indore,Madhya Pradesh,Owned,15,Verified,794,2,1,0,0,0,0,499000,33900,480,0.0679358717434869,83178.21,39298.490000000005,0.0,126011.1725,4,43879.72,2.116575217012155,0,0.2307553920085424,23,Low
Business,Working Capital,524000,84,13.32,18500,1800,0.616,0,222400,2.356115107913669,Female,28,Divorced,1,Graduate,Self-Employed,Doctor (Practice),Bhopal,Madhya Pradesh,Owned,10,Verified,414,3,3,2,2,0,0,140000,43000,47,0.3071428571428571,22993.15,18276.08,8573.57,26242.79142857143,7,4717.07,1.2581007524589518,0,0.8051182530525626,81,High
Business,Business Expansion,963000,36,19.22,68300,3400,0.569,0,819100,1.1756806250763032,Male,45,Single,1,Post Graduate,Salaried,Nurse,Nagpur,Maharashtra,Mortgaged,9,Pending,688,6,5,0,0,0,0,690000,409200,266,0.5930434782608696,0.0,90020.14,17237.3,121272.628,5,-90020.14,0.0,0,0.3382232191537058,34,Medium
Gold,Gold Loan,728000,24,9.28,38400,9000,1.102,1,461300,1.5781487101669196,Male,49,Married,2,Diploma,Business Owner,Manufacturer,Mumbai,Maharashtra,Rented,12,Verified,611,4,1,2,0,0,0,414000,189600,320,0.4579710144927536,21177.2,52746.72,16701.989999999998,63911.328,10,-31569.52,0.4014884717002308,0,0.7192234695190098,72,High
Auto,Used Car,561000,60,11.56,62000,10600,0.37,1,743500,0.7545393409549428,Male,39,Married,0,Graduate,Salaried,Teacher,Lucknow,Uttar Pradesh,Owned,20,Pending,626,5,1,1,0,0,0,267000,94800,176,0.3550561797752809,0.0,151807.32,26437.99,73040.09999999999,12,-151807.32,0.0,0,0.37607219756053223,38,Medium
Auto,Used Car,1459000,60,12.19,108900,29400,0.569,1,1307200,1.116126070991432,Female,44,Single,1,Graduate,Salaried,Sales Executive,Nagpur,Maharashtra,Rented,12,Verified,799,3,3,0,0,0,0,737000,185700,277,0.2519674355495251,211601.94,109280.1,9921.26,201977.0045454545,11,102321.84,1.9363263759824527,0,0.2248895656907561,22,Low
Home,Home Purchase,6280000,180,8.47,41200,1900,1.546,1,494000,12.712550607287447,Female,40,Single,1,Diploma,Salaried,Nurse,Mysuru,Karnataka,Rented,17,Verified,731,6,3,0,0,0,0,173000,36200,187,0.2092485549132948,40040.26,75947.2,14380.77,59456.43272727273,11,-35906.939999999995,0.527211799776687,0,0.48446251303972243,48,Medium
Home,Balance Transfer,8844000,120,8.31,163100,45000,0.943,1,1956700,4.519854857668523,Male,34,Single,1,Graduate,Salaried,Software Engineer,Chennai,Tamil Nadu,Mortgaged,16,Pending,690,4,0,1,0,0,0,1060000,556500,138,0.525,299799.59,160124.99,40596.07,253206.2075,8,139674.59999999998,1.872284831992808,0,0.40691751496390194,41,Medium
Gold,Gold Loan,132000,36,9.14,22900,7800,0.524,1,275100,0.4798255179934569,Male,50,Single,3,Graduate,Retired,Retired Private Sector,Bengaluru,Karnataka,Rented,24,Verified,576,5,4,0,0,0,0,218000,81300,344,0.3729357798165137,73985.8,27026.15,7280.57,44215.13083333333,12,46959.65,2.737563433933431,0,0.6536212513961608,65,Medium
Home,Plot Purchase,8339000,120,8.04,82500,20800,1.48,1,990100,8.422381577618422,Male,54,Divorced,5,Graduate,Salaried,Teacher,Kolkata,West Bengal,Family Owned,5,Pending,739,4,0,0,0,0,0,813000,146300,378,0.179950799507995,184334.22,133524.97,41569.89,161210.91499999998,10,50809.25,1.3805224595819043,0,0.42194757118101855,42,Medium
Business,Equipment Purchase,6471000,12,12.7,74100,18200,3.0,0,889200,7.277327935222672,Male,49,Married,1,Post Graduate,Salaried,Software Engineer,Surat,Gujarat,Rented,20,Pending,744,5,1,0,0,0,0,792000,97400,301,0.1229797979797979,71088.0,73069.27,0.0,100076.51333333332,6,-1981.270000000004,0.9728850445611404,1,0.6596786309683714,66,Medium
Personal,Home Renovation,161000,24,12.22,45300,8100,0.347,0,543400,0.2962826647037173,Male,33,Married,2,Diploma,Salaried,Nurse,Coimbatore,Tamil Nadu,Owned,3,Verified,629,6,2,2,0,0,0,196000,37800,132,0.1928571428571428,39400.02,34447.95,0.0,84169.56,5,4952.07,1.143755143629737,0,0.43407964804231325,43,Medium
Personal,Home Renovation,268000,12,20.08,17500,4300,1.665,1,210000,1.276190476190476,Male,43,Married,2,High School,Salaried,Sales Executive,Bengaluru,Karnataka,Rented,24,Pending,627,1,5,3,0,0,0,113000,33800,251,0.2991150442477876,18240.59,5069.99,0.0,41234.02,4,13170.599999999997,3.5977566030702226,1,0.7914267388410288,79,High
Gold,Gold Loan,126000,12,14.88,31000,5000,0.527,1,372600,0.3381642512077294,Female,48,Single,1,High School,Business Owner,Contractor,Pune,Maharashtra,Owned,12,Pending,704,5,3,0,0,0,0,258000,180100,298,0.6980620155038759,59317.59,30089.28,12109.99,62682.48428571429,7,29228.31,1.9713861548033051,0,0.44604320693035887,45,Medium
Personal,Debt Consolidation,1217000,36,15.84,43800,10100,1.204,1,526000,2.3136882129277567,Female,47,Married,2,Graduate,Salaried,Analyst,Kochi,Kerala,Mortgaged,12,Verified,645,4,1,3,0,0,0,251000,24300,280,0.096812749003984,123666.73,54097.51,0.0,82608.1009090909,11,69569.22,2.285996712233151,0,0.6198591766607007,62,Medium
Auto,Two Wheeler,2164000,60,9.82,43200,2300,1.114,1,517800,4.17921977597528,Male,34,Married,0,Graduate,Self-Employed,Freelance Designer,Noida,Uttar Pradesh,Owned,6,Pending,609,4,0,1,0,0,0,297000,116700,167,0.3929292929292929,0.0,29370.15,922.91,47705.927500000005,4,-29370.15,0.0,0,0.6451463687901585,65,Medium
Personal,Debt Consolidation,846000,84,20.42,103800,23100,0.406,0,1245000,0.6795180722891566,Female,52,Married,1,Professional Degree,Business Owner,Trader,Chandigarh,Chandigarh,Family Owned,0,Verified,671,5,0,0,0,0,0,840000,63800,369,0.0759523809523809,351414.58,155987.02000000002,52637.9,189615.45166666663,12,195427.56,2.252845012360644,0,0.204227923631225,20,Low
Personal,Debt Consolidation,656000,12,14.32,76000,7700,0.877,0,912500,0.718904109589041,Male,50,Married,2,Graduate,Self-Employed,Chartered Accountant,Gurugram,Haryana,Mortgaged,18,Verified,759,2,1,0,0,0,0,414000,169700,350,0.409903381642512,15448.07,68888.71,26117.22,135643.26857142858,7,-53440.64000000001,0.2242467597375534,0,0.46913442187411647,47,Medium
Personal,Wedding,1161000,48,14.63,25000,1600,1.347,0,300100,3.8687104298567134,Female,36,Married,2,Post Graduate,Salaried,Software Engineer,Delhi,Delhi,Rented,3,Verified,642,1,1,3,0,0,0,214000,77900,142,0.364018691588785,20661.96,27308.34,0.0,26898.844285714287,7,-6646.380000000001,0.7566172092481637,0,0.5538651342312951,55,Medium
Gold,Gold Loan,446000,12,11.2,97400,6500,0.472,1,1168500,0.3816859221223791,Male,28,Married,2,Professional Degree,Self-Employed,Doctor (Practice),Pune,Maharashtra,Rented,10,Verified,636,5,1,2,1,0,0,735000,230800,40,0.3140136054421769,219683.53,123084.99,0.0,188434.07333333336,9,96598.54,1.784811697998269,1,0.44579361058274675,45,Medium
Auto,Used Car,578000,84,13.1,42100,5700,0.386,1,504900,1.144781144781145,Female,47,Single,1,Graduate,Salaried,Nurse,Mumbai,Maharashtra,Family Owned,0,Verified,623,4,2,1,0,0,0,338000,119700,280,0.3541420118343195,119962.29,67426.05,14018.64,62988.715454545454,11,52536.240000000005,1.7791682888141898,0,0.43751365713965495,44,Medium
Auto,New Car,1721000,84,13.13,85600,26100,0.672,1,1027200,1.6754283489096573,Male,45,Single,0,Post Graduate,Self-Employed,Consultant,Mysuru,Karnataka,Rented,3,Verified,777,2,2,0,0,0,0,231000,14300,297,0.0619047619047619,86240.51000000001,59173.83,13021.7,161213.68000000002,6,27066.680000000008,1.457409635306689,0,0.2424168194299389,24,Low
Education,Study Abroad,2010000,48,12.86,57000,10100,1.121,0,683700,2.939885914874945,Female,29,Married,4,Post Graduate,Salaried,Nurse,Indore,Madhya Pradesh,Owned,11,Verified,779,3,2,0,0,0,0,597000,36400,55,0.0609715242881072,73687.78,91469.58,10755.47,90200.66444444444,9,-17781.800000000003,0.8055987575322856,0,0.31246322736239773,31,Low
Personal,Debt Consolidation,394000,12,19.27,100800,6800,0.428,0,1209800,0.3256736650686064,Male,45,Single,1,Graduate,Salaried,Software Engineer,Ahmedabad,Gujarat,Family Owned,20,Verified,755,6,3,0,0,0,0,408000,82000,281,0.2009803921568627,92740.6,187853.58,10228.39,136866.617,10,-95112.98,0.4936855608501046,0,0.22873694997724783,23,Low
Personal,Home Renovation,96000,24,22.54,31300,10500,0.496,1,375500,0.255659121171771,Female,21,Married,0,Diploma,Salaried,HR Manager,Nagpur,Maharashtra,Rented,3,Verified,695,3,1,0,0,0,0,182000,21800,6,0.1197802197802197,41545.3,30066.24,0.0,51816.87875,8,11479.060000000003,1.381792335855764,0,0.28236323600853114,28,Low
Auto,New Car,513000,24,9.07,93900,11900,0.376,1,1126900,0.4552311651433135,Male,50,Single,2,Diploma,Salaried,Sales Executive,Pune,Maharashtra,Rented,17,Pending,660,5,0,0,0,0,0,245000,94600,337,0.3861224489795918,213784.85,52212.43,18562.22,193173.19166666665,6,161572.41999999998,4.094520212907156,0,0.24722871228650561,25,Low
Gold,Gold Loan,60000,36,11.39,116700,20000,0.188,1,1400500,0.0428418421992145,Male,42,Single,0,Professional Degree,Salaried,Software Engineer,Mumbai,Maharashtra,Rented,5,Verified,629,3,4,0,0,0,0,786000,468500,217,0.5960559796437659,307265.22,134469.25,117054.79,194172.0409090909,11,172795.96999999997,2.28502218908784,1,0.31701590967776944,32,Low
Gold,Gold Loan,139000,24,14.46,34400,200,0.201,1,412900,0.3366432550254299,Male,46,Married,1,Diploma,Salaried,Sales Executive,Jaipur,Rajasthan,Rented,8,Verified,650,5,1,1,0,0,0,210000,113000,255,0.5380952380952381,67369.57,25093.09,11244.82,44553.342,5,42276.48000000001,2.684785731848888,0,0.3727936454401784,37,Medium
Personal,Travel,1453000,24,17.97,41700,1600,1.776,0,500900,2.9007785985226597,Female,56,Married,3,Diploma,Self-Employed,Lawyer,Chennai,Tamil Nadu,Rented,15,Verified,600,2,2,2,1,0,0,298000,30400,414,0.1020134228187919,45730.990000000005,35920.31,0.0,63403.4025,8,9810.680000000008,1.273123478054616,0,0.77685565965419,78,High
Auto,Two Wheeler,401000,48,12.4,10000,500,1.114,1,120000,3.341666666666667,Female,33,Divorced,2,Graduate,Unemployed,Student,Chennai,Tamil Nadu,Owned,7,Verified,403,6,1,3,2,0,0,96000,54400,136,0.5666666666666667,0.0,9674.97,0.0,6814.804000000001,5,-9674.97,0.0,1,0.8268221127700137,83,High
Gold,Gold Loan,120000,12,14.95,39400,11900,0.578,1,472200,0.2541296060991105,Female,48,Married,1,Post Graduate,Salaried,Analyst,Kolkata,West Bengal,Owned,6,Verified,773,7,2,0,0,0,0,393000,205100,316,0.521882951653944,111938.29,53287.71,0.0,56886.401666666665,12,58650.58000000001,2.100639903647577,0,0.2889475024655599,29,Low
Personal,Wedding,1041000,48,23.62,42200,7900,0.986,0,506700,2.054470100651273,Male,36,Single,0,Graduate,Salaried,Analyst,Lucknow,Uttar Pradesh,Mortgaged,16,Pending,660,3,3,0,0,0,0,131000,87200,189,0.665648854961832,42088.61,33818.08,8186.01,72992.76,7,8270.529999999999,1.244559419103627,0,0.44625752071784286,45,Medium
Auto,Used Car,2218000,84,13.75,29900,1200,1.421,1,358600,6.185164528722811,Female,39,Married,1,High School,Salaried,Nurse,Indore,Madhya Pradesh,Mortgaged,20,Pending,690,2,0,0,0,0,0,228000,67700,169,0.2969298245614035,67942.48000000001,17726.55,0.0,79444.01,6,50215.93000000001,3.832808978622463,0,0.49440621739627605,49,Medium
Personal,Travel,1171000,36,14.84,80600,8000,0.602,0,967600,1.2102108309218684,Male,59,Married,0,High School,Salaried,Sales Executive,Jaipur,Rajasthan,Owned,13,Verified,769,5,1,0,0,0,0,248000,139900,446,0.5641129032258064,226904.57,91626.77,0.0,128291.53666666668,9,135277.80000000002,2.476400401323762,0,0.26303484986017395,26,Low
Personal,Medical Emergency,525000,24,12.9,51600,600,0.495,0,618800,0.8484162895927602,Female,32,Single,2,Graduate,Salaried,Nurse,Bengaluru,Karnataka,Family Owned,14,Verified,641,5,2,1,0,0,0,407000,181900,117,0.4469287469287469,22558.74,24043.17,14059.99,96152.406,5,-1484.4299999999969,0.9382598051754408,0,0.4591247292931267,46,Medium
Auto,New Car,290000,36,13.32,43000,6600,0.382,1,516100,0.5619066072466576,Male,22,Married,2,Post Graduate,Self-Employed,Freelance Designer,Pune,Maharashtra,Owned,4,Verified,657,1,3,2,0,0,0,196000,34700,6,0.1770408163265306,43921.78,61741.63,13787.6,51617.03777777778,9,-17819.85,0.7113803117928698,0,0.44715018421322367,45,Medium
Personal,Debt Consolidation,786000,48,14.36,37800,12700,0.908,0,453600,1.7328042328042328,Female,32,Married,1,Post Graduate,Salaried,Teacher,Mumbai,Maharashtra,Mortgaged,5,Verified,704,6,1,0,0,0,0,128000,4500,112,0.03515625,135699.59,50389.17,0.0,76549.0290909091,11,85310.42,2.693030863576439,0,0.33866024780625525,34,Medium
Home,Balance Transfer,5729000,240,10.01,51800,6900,1.201,1,621600,9.216537966537969,Male,48,Married,2,Graduate,Salaried,Sales Executive,Coimbatore,Tamil Nadu,Owned,2,Verified,716,4,0,1,0,0,0,232000,84200,277,0.3629310344827586,0.0,33435.58,0.0,71193.72750000001,4,-33435.58,0.0,0,0.39836099603023034,40,Medium
Personal,Medical Emergency,1347000,36,19.73,88000,200,0.569,0,1056600,1.2748438387279954,Male,51,Single,0,Post Graduate,Salaried,Analyst,Chandigarh,Chandigarh,Rented,5,Verified,723,3,3,1,0,0,0,797000,191300,359,0.2400250941028858,75562.22,114856.22,0.0,135869.2622222222,9,-39294.0,0.6578853108695376,0,0.2704315220782484,27,Low
Gold,Gold Loan,174000,36,14.58,101900,31800,0.371,1,1222900,0.1422847330116935,Male,41,Married,2,Graduate,Self-Employed,Freelance Designer,Mysuru,Karnataka,Rented,6,Pending,693,1,2,0,0,0,0,959000,512100,221,0.5339937434827946,294368.5,129716.54,51496.15,117595.754,10,164651.96000000002,2.2693212446153743,0,0.40461978752957145,40,Medium
Home,Plot Purchase,10948000,240,10.4,88700,25900,1.516,1,1064200,10.287539936102236,Female,21,Single,1,Graduate,Self-Employed,Freelance Designer,Indore,Madhya Pradesh,Mortgaged,3,Verified,593,2,1,2,1,0,0,552000,274300,6,0.4969202898550725,0.0,125384.29,18155.23,138416.09222222224,9,-125384.29,0.0,0,0.7087126061552464,71,High
Personal,Travel,453000,36,22.82,61000,21000,0.631,0,732600,0.6183456183456183,Male,50,Single,1,Post Graduate,Self-Employed,Lawyer,Gurugram,Haryana,Rented,18,Verified,576,5,2,2,2,0,0,264000,62000,308,0.2348484848484848,40590.72,21118.73,0.0,117848.34,5,19471.99,1.9220246672029997,0,0.48330541942604505,48,Medium
Auto,Two Wheeler,1135000,24,10.6,38200,6100,1.541,1,457800,2.479248580166012,Female,41,Widowed,3,Diploma,Salaried,Teacher,Kolkata,West Bengal,Owned,0,Verified,628,1,1,0,0,1,0,279000,85100,251,0.3050179211469534,70909.47,64837.05,9815.79,71981.90250000001,12,6072.4200000000055,1.0936566361362834,0,0.7042336605524188,70,High
Gold,Gold Loan,595000,12,12.82,29400,4500,1.96,1,352600,1.6874645490640954,Male,42,Married,4,Graduate,Business Owner,Contractor,Coimbatore,Tamil Nadu,Family Owned,15,Pending,663,3,0,0,0,0,0,269000,15900,263,0.0591078066914498,36506.51,35858.67,13172.88,48545.53333333333,9,647.8400000000038,1.0180664815510447,0,0.6807428074086184,68,High
Personal,Home Renovation,1288000,24,21.05,54900,14900,1.477,0,658900,1.9547731066929728,Male,36,Married,1,High School,Self-Employed,Doctor (Practice),Lucknow,Uttar Pradesh,Rented,18,Verified,671,5,2,0,0,0,0,472000,162800,139,0.3449152542372881,62613.600000000006,28489.960000000003,2021.62,101027.33,5,34123.64,2.1977426433733145,0,0.5616647221446252,56,Medium
Gold,Gold Loan,250000,12,10.82,30100,6900,0.962,1,361600,0.6913716814159292,Male,37,Single,1,Post Graduate,Retired,Pensioner,Delhi,Delhi,Owned,18,Verified,606,1,3,0,0,0,0,109000,51400,204,0.4715596330275229,51367.79,20386.41,6817.7,49492.51833333333,6,30981.38,2.5197074914121718,1,0.5935911056532076,59,Medium
Business,Equipment Purchase,389000,36,19.77,64800,7900,0.344,1,777500,0.5003215434083601,Male,38,Married,1,Graduate,Self-Employed,Chartered Accountant,Chennai,Tamil Nadu,Owned,20,Verified,599,3,3,3,3,0,0,296000,99800,181,0.3371621621621621,39587.44,52702.39,0.0,123419.42285714284,7,-13114.949999999995,0.7511507542637061,0,0.616843877247217,62,Medium
Personal,Medical Emergency,1160000,24,16.14,29200,3300,2.063,0,350000,3.3142857142857145,Female,24,Single,1,Post Graduate,Retired,Retired Government Employee,Coimbatore,Tamil Nadu,Rented,6,Verified,728,4,1,0,0,0,0,305000,8200,27,0.0268852459016393,13401.97,26996.2,7541.43,42955.61166666666,6,-13594.23,0.4964391284699327,0,0.49710775725812445,50,Medium
Home,Home Construction,10372000,12,10.27,109700,6500,3.0,1,1316600,7.877867233783989,Female,33,Married,0,Graduate,Salaried,Teacher,Indore,Madhya Pradesh,Rented,15,Pending,696,1,2,0,0,0,0,743000,300200,150,0.4040376850605652,0.0,117328.3,0.0,95129.016,5,-117328.3,0.0,1,0.8584711822044416,86,High
Personal,Debt Consolidation,1359000,24,22.22,100800,11000,0.81,0,1209400,1.1236977013395073,Female,42,Single,1,Professional Degree,Salaried,Teacher,Delhi,Delhi,Owned,20,Verified,773,5,2,0,0,0,0,637000,308900,228,0.4849293563579278,86268.76,162816.99,50608.87,139461.53,8,-76548.23,0.5298510923215077,0,0.20968397563677435,21,Low
Personal,Travel,186000,24,19.43,39700,4800,0.358,0,476900,0.3900188718808974,Male,37,Single,1,Diploma,Salaried,Sales Executive,Indore,Madhya Pradesh,Family Owned,12,Pending,728,6,3,0,0,0,0,383000,155900,183,0.4070496083550914,35962.16,51004.350000000006,17108.09,57822.453,10,-15042.190000000002,0.7050802529588163,0,0.3452229977486957,35,Medium
Education,Study Abroad,1205000,36,12.67,60000,16600,0.949,0,720600,1.6722175964474049,Female,35,Divorced,2,Graduate,Salaried,Analyst,Kochi,Kerala,Mortgaged,5,Verified,733,7,3,0,0,0,0,580000,85300,139,0.1470689655172413,4925.69,73016.26000000001,20417.76,105190.7275,8,-68090.57,0.0674601794175708,0,0.3366551421557469,34,Medium
Gold,Gold Loan,711000,24,12.68,55200,15600,0.893,1,662300,1.07353163219085,Male,23,Single,1,Post Graduate,Self-Employed,Freelance Designer,Pune,Maharashtra,Family Owned,5,Verified,729,2,0,0,0,0,0,501000,268500,6,0.5359281437125748,151061.66,93649.46,21067.03,106359.35,12,57412.2,1.6130542557319605,0,0.4293336844707988,43,Medium
Personal,Travel,965000,36,11.55,58400,19800,0.885,1,700400,1.3777841233580812,Male,29,Single,1,Post Graduate,Salaried,Teacher,Nagpur,Maharashtra,Owned,11,Verified,721,3,2,0,0,0,0,187000,40000,100,0.213903743315508,63316.41,36812.07,0.0,79347.632,5,26504.340000000004,1.7199904813828726,0,0.3470545715112056,35,Medium
Home,Home Construction,2052000,240,8.43,37800,9100,0.709,1,454100,4.518828451882845,Female,27,Married,2,Post Graduate,Business Owner,Retail Store Owner,Nagpur,Maharashtra,Rented,2,Verified,658,4,2,0,0,0,0,319000,141300,48,0.4429467084639498,33635.46,12190.91,0.0,49081.125,4,21444.55,2.7590606443653507,0,0.32389304289297133,32,Low
Personal,Home Renovation,1403000,60,13.08,149200,36400,0.458,0,1790700,0.7834924889707936,Male,49,Single,0,Post Graduate,Salaried,Bank Officer,Pune,Maharashtra,Mortgaged,13,Pending,837,7,0,0,0,0,0,1122000,388200,313,0.3459893048128342,384122.09,93513.26,16560.97,226865.3927272727,11,290608.83,4.107675104044067,0,0.11440683750151824,11,Low
Gold,Gold Loan,212000,24,10.48,35200,4300,0.402,1,421900,0.5024887414079166,Male,41,Single,2,High School,Self-Employed,Doctor (Practice),Coimbatore,Tamil Nadu,Rented,23,Verified,701,5,4,1,0,0,0,289000,67300,194,0.2328719723183391,34840.21,31532.68,0.0,72849.58285714286,7,3307.529999999999,1.1048921309574702,1,0.5239723656092077,52,Medium
Business,Equipment Purchase,6083000,48,15.11,58400,13000,3.0,0,701000,8.677603423680457,Female,40,Single,1,Graduate,Salaried,Nurse,Coimbatore,Tamil Nadu,Rented,22,Pending,711,5,3,0,0,0,0,572000,81800,215,0.143006993006993,79724.82,56743.76,12647.82,91543.71571428572,7,22981.060000000005,1.4049971309620652,1,0.7476323237154916,75,High
Personal,Wedding,576000,60,15.66,28800,8700,0.784,0,346100,1.6642588847154,Female,39,Single,2,Diploma,Self-Employed,Chartered Accountant,Chennai,Tamil Nadu,Rented,20,Verified,753,1,1,1,0,0,0,299000,50800,223,0.1698996655518394,0.0,24358.57,15488.41,42760.695,4,-24358.57,0.0,1,0.4433684130990035,44,Medium
Education,Higher Studies India,1922000,36,9.65,53900,16200,1.444,0,647200,2.969715698393078,Female,44,Divorced,3,Graduate,Salaried,Sales Executive,Surat,Gujarat,Rented,15,Verified,726,2,2,1,0,0,0,415000,159400,253,0.3840963855421687,149134.78,33652.05,0.0,108388.82,6,115482.73,4.431669987415328,0,0.59747897011024,60,Medium
Education,Study Abroad,228000,36,10.15,88800,20400,0.313,0,1065500,0.2139840450492726,Male,33,Divorced,1,Post Graduate,Salaried,Teacher,Chandigarh,Chandigarh,Rented,11,Verified,787,7,1,0,0,0,0,326000,124500,155,0.3819018404907975,192837.22,110271.02,11527.43,189329.89454545456,11,82566.2,1.7487570170294968,0,0.17998891486439367,18,Low
Auto,New Car,675000,48,10.74,67300,23200,0.603,1,807600,0.8358098068350669,Female,36,Married,2,Post Graduate,Self-Employed,Chartered Accountant,Chennai,Tamil Nadu,Owned,17,Verified,667,3,0,1,1,0,0,328000,152800,163,0.4658536585365854,122050.1,37508.04,0.0,133986.62333333332,6,84542.06,3.2539716818047544,0,0.4225099158700304,42,Medium
Business,Business Expansion,6586000,84,13.58,60800,17400,2.29,0,729800,9.024390243902438,Male,45,Single,4,Graduate,Salaried,Software Engineer,Indore,Madhya Pradesh,Owned,4,Pending,611,5,3,1,1,0,0,610000,339200,274,0.5560655737704918,24041.11,76690.74,0.0,99400.23714285716,7,-52649.630000000005,0.3134812625357376,1,0.7748669429144823,77,High
Education,Higher Studies India,523000,12,11.41,47100,2500,1.037,0,565000,0.9256637168141592,Male,30,Single,2,Graduate,Salaried,Analyst,Surat,Gujarat,Mortgaged,6,Verified,762,6,3,0,0,0,0,237000,122100,102,0.5151898734177215,0.0,59225.83,0.0,43734.638333333336,6,-59225.83,0.0,0,0.38746099593063504,39,Medium
Personal,Travel,320000,60,22.7,33700,7300,0.482,0,404600,0.7909045971329708,Female,39,Married,2,Post Graduate,Salaried,HR Manager,Pune,Maharashtra,Family Owned,1,Verified,641,4,2,3,0,0,0,105000,24900,182,0.2371428571428571,40638.17999999999,28351.79,11032.89,61238.973333333335,6,12286.389999999992,1.433355001571329,0,0.4055241256605306,41,Medium
Business,Business Expansion,4287000,36,15.01,53100,10600,2.997,0,637500,6.724705882352941,Female,42,Married,1,Graduate,Self-Employed,Doctor (Practice),Lucknow,Uttar Pradesh,Owned,14,Verified,788,4,1,0,0,0,0,173000,5400,240,0.0312138728323699,100989.93,73160.47,0.0,98314.68666666666,9,27829.459999999992,1.380389300396785,0,0.7114672839946128,71,High
Personal,Travel,344000,48,19.88,84200,19900,0.36,0,1010200,0.3405266283904177,Female,39,Single,1,Post Graduate,Salaried,Analyst,Surat,Gujarat,Rented,6,Verified,751,7,3,0,0,0,0,821000,310300,200,0.3779537149817296,0.0,101898.28,0.0,162850.194,5,-101898.28,0.0,0,0.1596794498859377,16,Low
Auto,Used Car,1325000,48,10.49,84000,15100,0.584,1,1007600,1.315005954743946,Male,42,Widowed,0,Graduate,Salaried,Teacher,Noida,Uttar Pradesh,Rented,15,Verified,752,3,2,1,0,0,0,730000,117500,221,0.160958904109589,0.0,99808.7,2214.32,154899.18166666667,6,-99808.7,0.0,0,0.3487479453077225,35,Medium
Personal,Debt Consolidation,322000,60,14.05,19800,3800,0.571,0,237400,1.3563605728727886,Male,30,Married,0,High School,Salaried,Bank Officer,Surat,Gujarat,Owned,12,Verified,718,1,2,0,0,0,0,192000,77000,95,0.4010416666666667,0.0,40405.16,750.29,27775.025833333333,12,-40405.16,0.0,1,0.43445675602774436,43,Medium
Personal,Medical Emergency,174000,48,22.18,29600,4000,0.321,0,355400,0.4895891952729319,Male,48,Married,1,Post Graduate,Salaried,Nurse,Gurugram,Haryana,Rented,14,Verified,708,2,1,1,0,0,0,310000,161200,282,0.52,26281.38,36060.37,13221.75,58547.31,6,-9778.990000000002,0.7288161491410099,1,0.3049476208582487,30,Low
Education,Study Abroad,3044000,84,11.99,56500,2900,1.002,0,677900,4.490337807936274,Male,37,Married,2,Post Graduate,Salaried,Accountant,Delhi,Delhi,Rented,13,Verified,647,3,0,2,0,0,0,259000,38800,190,0.1498069498069498,0.0,114080.19,9500.87,94349.85818181818,11,-114080.19,0.0,1,0.39599238436923956,40,Medium
Education,Higher Studies India,2404000,36,9.94,65400,16000,1.43,1,784500,3.064372211599745,Male,21,Married,0,Post Graduate,Salaried,Bank Officer,Hyderabad,Telangana,Family Owned,3,Verified,690,5,3,0,0,0,0,397000,104000,6,0.2619647355163728,120771.47,96758.82,0.0,94319.8718181818,11,24012.649999999998,1.248170140975262,1,0.5294822924854344,53,Medium
Education,Higher Studies India,4000000,48,11.77,52100,4500,2.101,0,624800,6.402048655569782,Female,32,Single,1,Graduate,Salaried,Accountant,Nagpur,Maharashtra,Family Owned,5,Verified,655,4,2,1,0,0,0,197000,85900,89,0.4360406091370558,57870.75,50033.56,0.0,86507.70625,8,7837.190000000002,1.1566386641286368,0,0.7176510680347064,72,High
Personal,Debt Consolidation,230000,12,18.55,45000,2600,0.528,0,539900,0.4260048157066123,Male,57,Married,0,Graduate,Self-Employed,Chartered Accountant,Chandigarh,Chandigarh,Rented,12,Pending,637,5,1,1,0,0,0,146000,48500,392,0.3321917808219178,27340.59,8547.7,0.0,64869.59333333333,6,18792.89,3.1985902640476382,0,0.5943212079639469,59,Medium
Personal,Medical Emergency,499000,24,21.62,57500,19400,0.786,0,690200,0.7229788467110982,Male,44,Single,2,Post Graduate,Self-Employed,Lawyer,Surat,Gujarat,Mortgaged,20,Verified,744,2,1,0,0,0,0,186000,53800,276,0.289247311827957,14814.77,56987.22,18107.07,101716.19285714286,7,-42172.45,0.2599665328471892,0,0.3094010917808993,31,Low
Personal,Travel,1494000,60,15.46,29000,3200,1.349,0,347900,4.294337453291176,Female,47,Single,3,High School,Self-Employed,Freelance Designer,Hyderabad,Telangana,Rented,21,Verified,579,2,2,2,1,0,0,225000,74900,285,0.3328888888888889,134816.35,23112.65,0.0,60256.60272727273,11,111703.7,5.833011359580144,1,0.7017811369638328,70,High
Home,Home Purchase,8871000,84,9.71,110600,19400,1.495,1,1327600,6.681982524856885,Female,34,Married,0,Professional Degree,Salaried,Bank Officer,Bhopal,Madhya Pradesh,Rented,16,Verified,718,5,1,1,0,0,0,282000,60300,140,0.2138297872340425,0.0,170070.09,0.0,176992.48428571428,7,-170070.09,0.0,1,0.5404686627289804,54,Medium
Business,Equipment Purchase,3953000,24,13.06,79600,7100,2.453,0,954700,4.140567717607626,Female,69,Married,0,Post Graduate,Salaried,Analyst,Bengaluru,Karnataka,Family Owned,10,Pending,701,6,3,1,0,0,0,742000,373200,480,0.5029649595687331,35494.12,45402.68,0.0,175029.7425,4,-9908.559999999998,0.781762662468383,0,0.7253764461129134,73,High
Personal,Travel,1465000,48,21.84,69300,1300,0.683,0,831200,1.762512030798845,Male,46,Married,1,Graduate,Self-Employed,Chartered Accountant,Surat,Gujarat,Family Owned,20,Verified,727,3,1,2,0,0,0,721000,227100,296,0.3149791955617198,61580.2,79783.38,40718.72,122189.88,7,-18203.180000000008,0.7718424564113477,0,0.4856336736721731,49,Medium
Personal,Debt Consolidation,469000,60,11.87,46000,4200,0.317,1,552400,0.8490224475018103,Female,33,Married,0,Graduate,Self-Employed,Lawyer,Jaipur,Rajasthan,Owned,11,Pending,539,2,2,1,1,0,0,301000,134500,100,0.446843853820598,19090.17,53912.21,6522.14,69182.5125,8,-34822.04,0.3540973371338329,0,0.6188159786553737,62,Medium
Personal,Home Renovation,465000,48,17.08,31400,400,0.44,0,377100,1.2330946698488463,Female,21,Divorced,0,High School,Business Owner,Manufacturer,Delhi,Delhi,Rented,3,Pending,675,3,1,0,0,0,0,203000,108400,6,0.5339901477832513,36624.16,12646.58,0.0,50074.25199999999,5,23977.579999999994,2.895973456855529,0,0.31804835125759195,32,Low
Home,Home Construction,10429000,180,8.47,191600,47100,0.781,1,2298700,4.536912167746987,Female,43,Married,0,Professional Degree,Business Owner,Retail Store Owner,Pune,Maharashtra,Rented,6,Verified,769,5,2,0,0,0,0,1388000,299800,261,0.2159942363112391,34773.82,190333.39,75371.42,332846.25,6,-155559.57,0.1826995252908593,0,0.2288418428555929,23,Low
Auto,Two Wheeler,1830000,24,13.16,51200,1800,1.739,1,613900,2.980941521420427,Male,50,Widowed,2,Graduate,Salaried,Bank Officer,Kolkata,West Bengal,Mortgaged,4,Pending,678,1,1,0,0,0,0,350000,181000,335,0.5171428571428571,144152.86,28699.61,0.0,125553.86400000002,5,115453.25,5.02281598948557,0,0.6489426719589136,65,Medium
Personal,Wedding,536000,12,23.37,29700,6900,1.934,1,356300,1.504350266629245,Male,50,Married,0,High School,Self-Employed,Doctor (Practice),Mumbai,Maharashtra,Owned,14,Pending,659,4,3,0,0,0,0,258000,17000,353,0.065891472868217,1626.75,52651.83,0.0,43808.01875,8,-51025.08,0.0308963620067906,0,0.7220135191922904,72,High
Auto,New Car,862000,36,10.42,68400,1100,0.425,1,820300,1.0508350603437766,Male,57,Single,1,Post Graduate,Self-Employed,Chartered Accountant,Mysuru,Karnataka,Mortgaged,5,Verified,721,5,0,3,0,0,0,457000,63100,404,0.1380743982494529,0.0,91171.66,17401.42,98459.408,5,-91171.66,0.0,0,0.3378678990274482,34,Medium
Personal,Debt Consolidation,1182000,60,23.84,35400,5800,1.121,0,424800,2.7824858757062145,Female,48,Married,2,Graduate,Salaried,Analyst,Surat,Gujarat,Mortgaged,1,Verified,569,5,2,2,2,0,0,320000,183400,326,0.573125,101538.64,49967.66,9380.26,58386.13636363636,11,51570.98,2.0320871539711884,0,0.6017273266021401,60,Medium
Home,Home Purchase,7837000,240,8.8,110800,23800,0.842,1,1329600,5.8942539109506615,Male,50,Widowed,1,Professional Degree,Business Owner,Trader,Coimbatore,Tamil Nadu,Family Owned,1,Pending,656,1,1,1,0,0,0,1163000,658300,326,0.5660361134995701,288189.41000000003,187432.09,16262.47,193058.34416666665,12,100757.32000000004,1.5375670729595985,1,0.5556267259365177,56,Medium
Personal,Debt Consolidation,493000,60,18.96,22400,300,0.585,0,268400,1.8368107302533527,Female,41,Married,1,Post Graduate,Salaried,Teacher,Indore,Madhya Pradesh,Family Owned,16,Verified,571,3,2,0,0,0,0,211000,56300,195,0.266824644549763,0.0,26046.39,4414.64,32786.70111111111,9,-26046.39,0.0,0,0.5344881929694129,53,Medium
Personal,Wedding,650000,48,15.81,72100,15000,0.463,0,865400,0.7510977582620754,Male,25,Single,1,Post Graduate,Salaried,Nurse,Chennai,Tamil Nadu,Family Owned,7,Verified,753,5,2,0,0,0,0,474000,62100,19,0.1310126582278481,159752.56,40565.95,7538.52,124598.33375,8,119186.61,3.938094880065671,0,0.22403546032041532,22,Low
Auto,Used Car,1971000,24,11.86,22700,6800,3.0,1,272500,7.23302752293578,Female,28,Married,1,Graduate,Salaried,Bank Officer,Noida,Uttar Pradesh,Rented,8,Verified,702,8,0,0,0,0,0,133000,46400,48,0.3488721804511278,62280.14,26707.12,0.0,47606.00375,8,35573.020000000004,2.3319676550672632,0,0.7197161824742863,72,High
Gold,Gold Loan,114000,24,13.9,37500,7800,0.354,1,449700,0.2535023348899266,Male,53,Divorced,2,Graduate,Salaried,Software Engineer,Delhi,Delhi,Owned,13,Verified,732,1,0,0,0,0,0,293000,179000,380,0.6109215017064846,134882.8,26684.08,14620.740000000002,81511.42444444445,9,108198.72,5.0548042128490085,0,0.33684794120412065,34,Medium
Gold,Gold Loan,125000,24,9.3,67000,3900,0.144,1,803800,0.1555113212241851,Female,34,Married,3,Post Graduate,Self-Employed,Doctor (Practice),Nagpur,Maharashtra,Owned,0,Pending,609,2,1,0,0,0,0,246000,95700,142,0.3890243902439024,0.0,23102.55,13747.17,164604.3,4,-23102.55,0.0,0,0.3589103804073964,36,Medium
Auto,Two Wheeler,423000,60,10.04,19200,6200,0.791,1,230400,1.8359375,Female,67,Single,2,High School,Salaried,Bank Officer,Delhi,Delhi,Rented,7,Verified,691,1,1,0,0,0,0,107000,27700,480,0.2588785046728972,14941.06,13931.09,1531.71,42835.99375,8,1009.9700000000012,1.0724975576211195,1,0.3942049523393676,39,Medium
Personal,Debt Consolidation,663000,36,21.83,48600,4400,0.61,0,583100,1.1370262390670554,Female,26,Single,2,Graduate,Salaried,Accountant,Lucknow,Uttar Pradesh,Rented,1,Verified,669,2,0,2,0,0,0,403000,199100,36,0.4940446650124069,49343.94,68098.45000000001,29252.090000000004,62211.98625,8,-18754.51000000001,0.7245971090384582,0,0.354205078028184,35,Medium
Personal,Travel,474000,48,18.86,27500,2600,0.608,0,330500,1.4341906202723147,Male,43,Married,0,Post Graduate,Retired,Pensioner,Nagpur,Maharashtra,Rented,11,Pending,592,2,3,0,0,0,0,103000,66100,217,0.641747572815534,60052.600000000006,21076.39,12690.46,40590.02625,8,38976.21000000001,2.849283012887881,0,0.5275295475278362,53,Medium
Personal,Travel,513000,12,18.14,49500,6000,1.072,0,593900,0.8637817814446876,Male,26,Single,0,Graduate,Salaried,Nurse,Gurugram,Haryana,Mortgaged,8,Verified,681,4,3,0,0,0,0,484000,269600,34,0.5570247933884298,46339.98,46956.25,0.0,64715.79,5,-616.2699999999968,0.986875655530414,0,0.49500516361600305,50,Medium
Personal,Wedding,597000,60,20.19,65000,9000,0.383,0,780300,0.7650903498654363,Male,49,Married,2,Post Graduate,Business Owner,Trader,Noida,Uttar Pradesh,Rented,16,Pending,628,2,3,1,0,0,0,566000,110900,304,0.1959363957597173,0.0,62671.48,0.0,87122.92199999999,5,-62671.48,0.0,0,0.37679521378152897,38,Medium
Personal,Debt Consolidation,270000,24,17.76,39400,4000,0.443,0,472600,0.5713076597545493,Male,45,Married,1,Graduate,Salaried,Teacher,Bengaluru,Karnataka,Mortgaged,11,Verified,668,1,1,0,0,0,0,393000,28700,285,0.0730279898218829,52360.51,17962.95,0.0,87637.84333333334,6,34397.56,2.9149170932391395,0,0.40307892654420047,40,Medium
Personal,Travel,800000,84,14.88,35000,9000,0.696,0,420600,1.902044698050404,Female,57,Married,2,Graduate,Salaried,Software Engineer,Bengaluru,Karnataka,Rented,17,Verified,721,5,0,0,0,0,0,134000,12500,395,0.0932835820895522,59885.0,33111.28,19333.67,46500.00571428571,7,26773.72,1.808598157485908,0,0.2878201982108184,29,Low
Personal,Medical Emergency,988000,84,16.36,112500,15100,0.31,0,1350300,0.7316892542397986,Female,43,Married,1,Graduate,Salaried,Sales Executive,Bengaluru,Karnataka,Rented,5,Verified,775,3,0,0,0,1,0,710000,173200,263,0.2439436619718309,246028.41,99465.8,0.0,260407.126,10,146562.61,2.47349752377199,0,0.20674993994532198,21,Low
Auto,New Car,1713000,60,12.52,39500,8400,1.19,1,473500,3.617740232312566,Male,25,Married,2,Post Graduate,Salaried,Analyst,Noida,Uttar Pradesh,Family Owned,7,Verified,570,4,6,2,1,0,0,339000,167800,53,0.4949852507374631,33656.86,38033.86,13410.93,56508.31875,8,-4377.0,0.8849183332956476,1,0.6689584170025001,67,High
Auto,Two Wheeler,2198000,36,10.09,52200,9300,1.54,1,625800,3.5123042505592843,Male,44,Married,1,Professional Degree,Salaried,Sales Executive,Mysuru,Karnataka,Owned,13,Pending,667,4,1,0,0,0,0,349000,134000,231,0.3839541547277937,97581.24,31025.15,0.0,84519.44,6,66556.09,3.1452302406273613,1,0.5890617258691876,59,Medium
Auto,Two Wheeler,1117000,84,9.44,32900,10500,0.873,1,394800,2.8292806484295845,Male,44,Widowed,1,Diploma,Salaried,Analyst,Mumbai,Maharashtra,Rented,9,Verified,638,4,1,0,0,0,0,336000,235500,239,0.7008928571428571,30402.22,33657.020000000004,0.0,36254.888,5,-3254.800000000003,0.903295062961605,0,0.5213014011616967,52,Medium
Business,Business Expansion,3676000,84,18.08,69400,12800,1.3,0,833000,4.412965186074429,Male,38,Married,2,Diploma,Salaried,Nurse,Surat,Gujarat,Mortgaged,0,Verified,733,3,2,0,0,0,0,663000,421700,165,0.6360482654600301,4265.13,119598.02,49801.79,128333.93727272729,11,-115332.89,0.0356622124680659,0,0.4155180810697212,42,Medium
Education,Study Abroad,755000,84,10.74,25800,7200,0.776,0,309700,2.437843073942525,Male,72,Single,2,Graduate,Salaried,Software Engineer,Pune,Maharashtra,Owned,23,Pending,648,3,3,2,0,0,0,205000,100200,480,0.488780487804878,2393.77,44497.69,6704.8,33550.326,10,-42103.920000000006,0.0537953767937167,1,0.6248912144717194,62,Medium
Personal,Wedding,380000,60,12.66,57100,9800,0.322,0,685300,0.5545016780971838,Male,59,Married,1,Graduate,Salaried,HR Manager,Delhi,Delhi,Mortgaged,7,Verified,665,1,1,1,0,0,0,449000,178700,447,0.3979955456570156,0.0,50744.74,0.0,79820.0475,4,-50744.74,0.0,0,0.3758130347766873,38,Medium
Business,Working Capital,1965000,36,14.23,37900,4900,1.909,0,454300,4.325335681267885,Male,27,Single,0,High School,Salaried,Software Engineer,Pune,Maharashtra,Mortgaged,9,Verified,715,3,0,0,0,0,0,343000,204800,41,0.5970845481049563,18267.57,45162.72,0.0,43668.543333333335,6,-26895.15,0.4044833880687434,1,0.5390115264462116,54,Medium
Personal,Travel,703000,84,22.01,43300,3200,0.454,0,520000,1.351923076923077,Female,42,Single,0,Graduate,Retired,Retired Government Employee,Gurugram,Haryana,Owned,9,Pending,671,2,0,1,0,0,0,150000,20100,217,0.134,74919.24,62150.22,7517.57,68833.55750000001,12,12769.020000000004,1.2054541399853451,0,0.30912773112544406,31,Low
Education,Higher Studies India,1801000,84,9.11,29300,2000,1.06,0,351800,5.119386014781125,Female,27,Divorced,1,Graduate,Salaried,Software Engineer,Kochi,Kerala,Owned,9,Verified,700,3,1,0,0,0,0,242000,32400,68,0.1338842975206611,100775.94,31908.05,0.0,52477.97900000001,10,68867.89,3.1583233698079325,0,0.43978221809797446,44,Medium
Business,Equipment Purchase,5500000,84,13.46,71800,19400,1.683,0,861500,6.384213580963436,Female,53,Married,3,Post Graduate,Self-Employed,Consultant,Bengaluru,Karnataka,Mortgaged,0,Verified,871,7,2,0,0,0,0,490000,49000,343,0.1,66499.99,47594.69,23096.58,73512.276,5,18905.300000000003,1.3972144791782446,0,0.3195576156237757,32,Low
Education,Skill Certification,2167000,48,10.38,43900,3500,1.339,0,527300,4.109615019912763,Male,40,Single,2,Graduate,Self-Employed,Lawyer,Bhopal,Madhya Pradesh,Owned,21,Verified,759,5,2,0,0,0,0,445000,103700,217,0.2330337078651685,0.0,71838.62,5685.26,57669.24,8,-71838.62,0.0,0,0.5897022479310208,59,Medium
Personal,Medical Emergency,916000,48,22.67,43400,11300,0.933,1,521000,1.7581573896353166,Male,27,Married,1,Graduate,Self-Employed,Consultant,Noida,Uttar Pradesh,Owned,6,Verified,651,3,2,2,0,0,0,202000,32300,39,0.1599009900990099,97370.43,37987.69,3488.69,76365.2675,8,59382.73999999999,2.5632100820028803,0,0.594902560231087,59,Medium
Auto,New Car,1697000,84,9.33,38700,5700,0.86,1,464500,3.6533907427341226,Male,55,Single,2,Graduate,Self-Employed,Freelance Designer,Pune,Maharashtra,Owned,11,Verified,612,3,2,2,0,0,0,120000,22900,393,0.1908333333333333,72386.04999999999,24596.22,6903.93,57194.068333333336,6,47789.82999999999,2.9429745708893478,0,0.6253614947939161,63,Medium
Gold,Gold Loan,537000,24,11.68,21200,2600,1.312,1,254200,2.112509834775767,Male,28,Divorced,2,High School,Salaried,Software Engineer,Chandigarh,Chandigarh,Rented,10,Verified,664,4,1,1,0,0,0,101000,31100,84,0.3079207920792079,39712.15,26516.95,538.13,29160.164166666666,12,13195.2,1.4976137904246152,1,0.5737703440579631,57,Medium
Personal,Home Renovation,1036000,48,19.48,69900,19000,0.719,0,838700,1.2352450220579467,Male,21,Divorced,0,Post Graduate,Self-Employed,Doctor (Practice),Lucknow,Uttar Pradesh,Owned,3,Verified,706,1,0,0,0,0,0,513000,209800,6,0.4089668615984405,79268.54000000001,88203.26,29352.48,138665.05125,8,-8934.719999999987,0.8987030638096598,0,0.30563049935426106,31,Low
Personal,Wedding,919000,60,19.35,48100,1400,0.529,0,576900,1.592997053215462,Female,52,Married,0,Graduate,Salaried,Software Engineer,Pune,Maharashtra,Mortgaged,23,Verified,689,3,2,1,0,0,0,454000,19500,337,0.0429515418502202,87969.04,53695.26,14833.74,92260.00272727272,11,34273.77999999999,1.6383017793376915,0,0.3861963947816789,39,Medium
Auto,Two Wheeler,1133000,84,11.99,58100,14200,0.589,1,697100,1.6253048343135847,Male,36,Married,2,Graduate,Salaried,Analyst,Bengaluru,Karnataka,Rented,12,Pending,736,2,2,2,0,0,0,219000,162700,166,0.7429223744292237,57538.2,38277.83,14724.94,144690.36000000002,6,19260.369999999995,1.5031729855114564,0,0.39336432380838826,39,Medium
Personal,Wedding,358000,36,11.22,52300,5900,0.338,0,627300,0.5706998246453053,Female,32,Divorced,0,Professional Degree,Salaried,Teacher,Noida,Uttar Pradesh,Rented,12,Verified,788,6,1,0,0,0,0,447000,44700,117,0.1,68510.12,48156.19,0.0,65042.75833333334,6,20353.929999999997,1.4226648744429322,0,0.2026731779979023,20,Low
Personal,Medical Emergency,299000,12,21.34,42500,1200,0.685,0,509800,0.586504511573166,Male,29,Single,2,Graduate,Self-Employed,Freelance Designer,Kochi,Kerala,Family Owned,11,Pending,670,2,3,1,0,0,0,156000,16500,100,0.1057692307692307,84610.84,33637.369999999995,0.0,46897.102,5,50973.47,2.5153821478908727,0,0.49537047096429165,50,Medium
Personal,Travel,1338000,84,18.6,61900,8800,0.605,0,742300,1.802505725447932,Female,41,Married,3,Professional Degree,Self-Employed,Architect,Chennai,Tamil Nadu,Mortgaged,0,Verified,632,2,1,1,0,0,0,346000,182000,221,0.5260115606936416,0.0,91214.07,16510.28,87861.91,8,-91214.07,0.0,0,0.46392276379405767,46,Medium
Personal,Travel,1034000,36,19.72,106200,27300,0.618,0,1274200,0.8114895620781667,Male,38,Married,1,Post Graduate,Salaried,Teacher,Kochi,Kerala,Owned,13,Verified,838,2,3,0,0,0,0,1003000,578700,160,0.5769690927218345,0.0,72346.14,2982.55,136520.4657142857,7,-72346.14,0.0,1,0.24519365802896395,25,Low
Personal,Wedding,284000,12,21.74,117500,32100,0.499,0,1410200,0.2013898737767692,Male,56,Married,1,Graduate,Self-Employed,Architect,Gurugram,Haryana,Family Owned,12,Verified,772,2,3,0,0,0,0,1074000,708800,387,0.6599627560521415,92613.72,84625.62,0.0,209306.7,7,7988.100000000006,1.094393400012904,0,0.45213736998033244,45,Medium
Personal,Wedding,220000,48,23.37,137700,7700,0.107,0,1652200,0.133155792276964,Male,44,Married,1,Post Graduate,Self-Employed,Doctor (Practice),Pune,Maharashtra,Owned,11,Verified,695,0,1,0,0,0,0,1350000,496800,254,0.368,20302.18,152917.66999999998,8128.66,203108.4457142857,7,-132615.49,0.1327654286126646,0,0.21729634375520435,22,Low
Auto,Used Car,1000000,24,10.43,74100,16600,0.85,1,889000,1.124859392575928,Male,33,Single,0,Post Graduate,Retired,Retired Government Employee,Bhopal,Madhya Pradesh,Rented,11,Verified,697,5,3,0,0,0,0,368000,334500,151,0.9089673913043478,177370.11,91986.03,19243.19,114820.76090909092,11,85384.07999999999,1.928228775608644,0,0.5077655964282178,51,Medium
Personal,Home Renovation,456000,48,19.98,38700,9600,0.606,0,464500,0.9817007534983854,Male,55,Single,2,Graduate,Self-Employed,Freelance Designer,Pune,Maharashtra,Owned,11,Verified,612,3,2,2,0,0,0,120000,22900,393,0.1908333333333333,72386.04999999999,24596.22,6903.93,57194.068333333336,6,47789.82999999999,2.9429745708893478,1,0.5681419067137493,57,Medium
Auto,Two Wheeler,1741000,84,9.23,51900,100,0.546,1,622700,2.795888871045447,Male,46,Married,0,Post Graduate,Salaried,Accountant,Mumbai,Maharashtra,Owned,0,Verified,742,4,2,0,0,0,0,291000,5800,277,0.0199312714776632,145144.71,81530.4,0.0,106937.40545454546,11,63614.31,1.7802526419593183,0,0.2666311463664527,27,Low
Personal,Medical Emergency,337000,60,18.9,37000,400,0.247,0,443500,0.7598647125140925,Male,40,Married,4,High School,Salaried,Analyst,Bhopal,Madhya Pradesh,Rented,1,Verified,661,4,3,0,0,0,0,313000,36600,186,0.1169329073482428,15942.0,80819.51000000001,24947.15,58691.40916666667,12,-64877.51000000001,0.1972543510842864,0,0.28508947645892346,29,Low
Personal,Home Renovation,1078000,84,15.62,32500,10600,0.977,0,390500,2.76056338028169,Male,21,Married,1,Diploma,Self-Employed,Freelance Designer,Chandigarh,Chandigarh,Family Owned,2,Pending,664,4,1,0,0,1,0,309000,76900,6,0.2488673139158576,31328.34,26902.56,0.0,37115.99,6,4425.7800000000025,1.1645114814352242,0,0.5744101128411726,57,Medium
Education,Higher Studies India,1159000,48,11.93,163800,47200,0.474,0,1965500,0.5896718392266599,Male,28,Single,2,Post Graduate,Salaried,HR Manager,Kolkata,West Bengal,Mortgaged,2,Verified,789,7,3,0,0,0,0,810000,172500,48,0.2129629629629629,0.0,93009.45,0.0,230775.18,4,-93009.45,0.0,1,0.11876625717782985,12,Low
Personal,Wedding,266000,84,23.03,53400,16100,0.422,0,640600,0.4152357165157664,Male,37,Married,1,Post Graduate,Salaried,Nurse,Chennai,Tamil Nadu,Family Owned,2,Verified,560,2,1,2,0,0,0,205000,65400,183,0.3190243902439024,0.0,106653.0,19730.18,72725.93000000001,10,-106653.0,0.0,0,0.4242234584249598,42,Medium
Personal,Travel,414000,12,18.84,30400,8500,1.532,0,365100,1.133935907970419,Male,43,Married,3,Post Graduate,Salaried,Nurse,Mysuru,Karnataka,Rented,16,Verified,718,5,2,0,0,0,0,141000,61800,231,0.4382978723404255,29458.28,28361.17,0.0,68343.62166666666,6,1097.1100000000042,1.038683523987198,0,0.4936937131663127,49,Medium
Gold,Gold Loan,37000,24,13.26,41800,10100,0.284,1,501000,0.0738522954091816,Female,44,Single,1,Graduate,Salaried,Bank Officer,Delhi,Delhi,Rented,22,Verified,648,7,1,0,0,0,0,267000,151100,260,0.5659176029962547,159614.84,69614.38,0.0,90800.6975,12,90000.45999999999,2.292842944230775,1,0.3611021277680148,36,Medium
Education,Skill Certification,2294000,84,11.65,56900,9000,0.863,0,682600,3.360679753882215,Female,29,Married,2,Professional Degree,Business Owner,Trader,Surat,Gujarat,Rented,11,Verified,661,2,2,0,0,0,0,494000,185700,83,0.3759109311740891,56715.25,88101.19,6932.17,93888.76,8,-31385.94,0.6437512365042969,0,0.4615327449302393,46,Medium
Personal,Travel,1297000,84,16.03,63300,21300,0.744,1,759800,1.7070281653066597,Female,55,Married,2,Post Graduate,Salaried,Bank Officer,Mysuru,Karnataka,Rented,1,Verified,747,5,1,0,0,0,0,524000,327000,402,0.6240458015267175,132005.62,52782.7,14386.2,129922.82666666666,9,79222.92,2.5009258715450327,0,0.3202204348520158,32,Low
Education,Higher Studies India,1495000,120,9.74,63200,6200,0.408,0,757800,1.9728160464502509,Female,48,Married,0,Post Graduate,Self-Employed,Doctor (Practice),Ahmedabad,Gujarat,Owned,13,Verified,632,3,1,3,1,0,0,492000,125500,284,0.2550813008130081,167251.33,78317.17,15804.28,124002.69416666668,12,88934.15999999999,2.1355640148897104,0,0.5078032841848106,51,Medium
Personal,Home Renovation,1226000,84,12.89,49800,14100,0.73,0,597600,2.051539491298528,Female,50,Married,0,Post Graduate,Salaried,Nurse,Pune,Maharashtra,Rented,11,Verified,746,3,2,0,0,0,0,384000,61800,348,0.1609375,19945.75,102451.29,0.0,74260.76,11,-82505.54,0.1946852011331434,0,0.2908890550653946,29,Low
Business,Working Capital,5461000,48,15.1,129700,17900,1.312,0,1556700,3.5080619258688253,Female,24,Single,2,Graduate,Business Owner,Restaurant Owner,Gurugram,Haryana,Mortgaged,0,Verified,869,3,0,0,0,0,0,1092000,624600,28,0.5719780219780219,51874.31,109847.77,60664.8,175161.1,5,-57973.46000000001,0.4722381710616428,0,0.27320535328179146,27,Low
Personal,Debt Consolidation,276000,24,15.3,38100,1400,0.389,0,456800,0.6042031523642732,Female,39,Single,0,Post Graduate,Salaried,HR Manager,Hyderabad,Telangana,Rented,21,Verified,694,2,1,0,0,0,0,220000,86000,184,0.3909090909090909,0.0,26905.63,7067.030000000001,59773.47749999999,4,-26905.63,0.0,0,0.28991764309102397,29,Low
Education,Higher Studies India,2055000,48,10.95,67400,14500,1.002,0,809400,2.5389177168272794,Male,30,Single,0,High School,Self-Employed,Consultant,Nagpur,Maharashtra,Owned,12,Pending,819,1,3,1,0,0,0,403000,73300,66,0.1818858560794044,0.0,57801.35,0.0,113390.25,4,-57801.35,0.0,1,0.42859063434030853,43,Medium
Auto,New Car,321000,12,12.61,36600,8400,1.011,1,439100,0.7310407652015486,Male,48,Single,3,Post Graduate,Salaried,Sales Executive,Gurugram,Haryana,Family Owned,18,Pending,689,5,0,0,0,0,0,252000,162500,279,0.6448412698412699,15767.48,21332.05,0.0,47270.39333333333,6,-5564.57,0.739145089196772,0,0.3783127584463166,38,Medium
Personal,Home Renovation,605000,36,22.58,34100,10700,0.996,0,409400,1.477772349780166,Male,27,Single,1,Graduate,Salaried,Nurse,Bengaluru,Karnataka,Owned,9,Verified,733,4,1,2,0,0,0,289000,127400,71,0.4408304498269896,14855.92,37121.3,2637.93,40264.08222222222,9,-22265.380000000005,0.4001993464668532,0,0.41510375385019366,42,Medium
Personal,Wedding,448000,12,16.66,100800,21400,0.617,0,1209100,0.3705235298982714,Female,62,Married,1,High School,Salaried,Accountant,Gurugram,Haryana,Rented,21,Verified,722,4,1,0,0,0,0,335000,176200,477,0.5259701492537313,108047.33,130133.64,0.0,191217.06000000003,7,-22086.31,0.8302797800783871,0,0.2637668740177282,26,Low
Home,Balance Transfer,11145000,48,10.46,121800,20700,2.51,1,1462200,7.622076323348379,Female,58,Married,2,Post Graduate,Salaried,HR Manager,Ahmedabad,Gujarat,Owned,16,Pending,768,5,0,2,0,0,0,477000,9500,427,0.0199161425576519,0.0,116873.28,23566.72,280957.684,5,-116873.28,0.0,0,0.6003314374855064,60,Medium
Personal,Travel,688000,60,18.22,45000,13900,0.699,0,540200,1.2736023694927805,Male,61,Married,2,High School,Self-Employed,Chartered Accountant,Bhopal,Madhya Pradesh,Mortgaged,19,Verified,767,6,3,1,0,0,0,141000,42900,466,0.3042553191489361,12025.6,21010.31,0.0,71404.8225,4,-8984.710000000001,0.572366614295553,0,0.48267338352028616,48,Medium
Personal,Wedding,194000,12,11.54,72700,22900,0.551,0,872600,0.2223240889296355,Male,43,Married,2,Post Graduate,Salaried,Sales Executive,Surat,Gujarat,Rented,15,Verified,753,4,4,0,0,0,0,495000,250500,236,0.5060606060606061,151646.96000000002,34655.89,0.0,114174.72333333334,6,116991.07000000002,4.375791820668868,0,0.35326866272442725,35,Medium
Home,Plot Purchase,6978000,180,8.57,55200,9700,1.426,1,662100,10.539193475305844,Male,21,Single,1,High School,Salaried,Sales Executive,Nagpur,Maharashtra,Rented,3,Verified,664,2,0,0,0,0,0,182000,13800,9,0.0758241758241758,105790.2,70273.6,33983.32,114092.30999999998,7,35516.59999999999,1.5054045900594246,0,0.374199203922051,37,Medium
Education,Higher Studies India,817000,12,9.9,38800,6800,2.027,0,465300,1.7558564367075005,Female,25,Married,2,Graduate,Self-Employed,Lawyer,Lucknow,Uttar Pradesh,Rented,3,Verified,600,3,0,5,0,0,0,229000,206600,9,0.9021834061135372,109552.24,57513.060000000005,0.0,60911.5025,12,52039.17999999999,1.9048237043899243,0,0.8849790773673726,88,High
Personal,Travel,884000,48,11.03,30400,7400,0.995,0,365100,2.4212544508353875,Female,27,Single,0,Diploma,Self-Employed,Doctor (Practice),Ahmedabad,Gujarat,Owned,9,Pending,589,3,3,5,3,0,0,200000,84000,36,0.42,16862.55,17076.4,2381.78,43354.13285714285,7,-213.85000000000215,0.9874768686608416,1,0.763879738153787,76,High
Home,Home Construction,8241000,84,9.51,68500,7700,2.081,1,821500,10.03164942178941,Male,40,Widowed,2,Post Graduate,Self-Employed,Freelance Designer,Ahmedabad,Gujarat,Mortgaged,14,Verified,672,0,3,0,0,0,0,700000,232400,239,0.332,124233.31,104129.53,21873.59,122787.455,10,20103.78,1.1930651180313596,1,0.7958397099334236,80,High
Home,Home Purchase,1637000,24,9.5,38400,10600,2.23,1,461400,3.5478977026441267,Male,26,Married,2,Graduate,Business Owner,Restaurant Owner,Bengaluru,Karnataka,Owned,5,Verified,659,5,0,0,0,0,0,374000,146600,43,0.3919786096256684,15501.32,42723.64,0.0,45176.98,6,-27222.32,0.3628276991379948,0,0.7354122671622033,74,High
Gold,Gold Loan,340000,12,12.9,114700,21100,0.449,1,1376500,0.2470032691609153,Female,47,Single,3,Professional Degree,Self-Employed,Freelance Designer,Ahmedabad,Gujarat,Rented,14,Verified,703,1,1,0,0,0,0,955000,188100,295,0.1969633507853403,156860.03,104365.26,14867.23,226933.46875,8,52494.76999999999,1.5029908419717442,0,0.2894099162117725,29,Low
Auto,Two Wheeler,632000,36,11.17,53800,17800,0.716,1,645900,0.9784796408112711,Female,34,Married,3,Post Graduate,Salaried,Sales Executive,Nagpur,Maharashtra,Mortgaged,12,Verified,758,6,2,1,0,0,0,331000,6600,125,0.0199395770392749,101989.13,54530.91,12529.7,93793.781,10,47458.22000000001,1.8702994320102124,0,0.2694254597107365,27,Low
Personal,Travel,270000,60,21.61,47600,9400,0.353,0,571000,0.4728546409807355,Female,34,Widowed,2,Graduate,Salaried,Sales Executive,Pune,Maharashtra,Owned,7,Verified,702,5,1,0,0,0,0,158000,80700,145,0.510759493670886,0.0,37508.5,0.0,81297.316,5,-37508.5,0.0,0,0.277283384055625,28,Low
Personal,Debt Consolidation,120000,48,14.54,33300,5900,0.277,0,399700,0.3002251688766575,Female,41,Single,3,Graduate,Self-Employed,Architect,Hyderabad,Telangana,Mortgaged,6,Verified,641,5,4,1,0,0,0,176000,112500,217,0.6392045454545454,44190.2,43629.39,0.0,48154.416,10,560.8099999999977,1.0128539500552265,0,0.5312596987818216,53,Medium
Personal,Debt Consolidation,891000,12,23.85,57400,2900,1.519,0,688200,1.2946817785527462,Male,49,Divorced,0,Graduate,Salaried,Sales Executive,Gurugram,Haryana,Family Owned,11,Verified,710,3,1,0,0,0,0,486000,77800,300,0.1600823045267489,108520.15,112380.26,16451.55,75761.91222222222,9,-3860.1100000000006,0.9656513519367192,1,0.48745807164171,49,Medium
Auto,Two Wheeler,579000,12,9.38,47700,5700,1.182,1,572800,1.0108240223463687,Female,46,Single,3,High School,Retired,Retired Private Sector,Indore,Madhya Pradesh,Mortgaged,9,Pending,612,5,1,4,0,0,0,482000,178300,300,0.3699170124481328,0.0,54948.19,0.0,58393.085,6,-54948.19,0.0,1,0.7022357284483691,70,High
Auto,Used Car,597000,84,13.35,20000,6800,0.889,1,240000,2.4875,Female,21,Married,1,Graduate,Salaried,HR Manager,Hyderabad,Telangana,Rented,3,Verified,607,2,1,1,0,0,0,76000,33900,6,0.4460526315789473,19531.15,11166.17,0.0,43848.1075,4,8364.980000000001,1.7491360063477452,0,0.4661828775093794,47,Medium
Personal,Home Renovation,677000,24,12.06,87100,13600,0.522,0,1044800,0.6479709035222052,Male,58,Single,0,Post Graduate,Business Owner,Manufacturer,Bhopal,Madhya Pradesh,Mortgaged,17,Verified,700,4,1,1,0,0,0,608000,166600,437,0.2740131578947368,76067.12,87330.05,42197.18,161629.88874999998,8,-11262.930000000008,0.871030304001887,1,0.3762250882998982,38,Medium
Personal,Medical Emergency,1435000,60,19.81,31500,6500,1.41,0,377500,3.801324503311258,Male,28,Single,2,Graduate,Business Owner,Retail Store Owner,Mumbai,Maharashtra,Owned,10,Verified,693,6,3,1,0,0,0,85000,10400,92,0.1223529411764706,72567.87,46327.76,14708.5,66338.92181818181,11,26240.109999999997,1.5664014405186004,1,0.5328602272941589,53,Medium
Business,Working Capital,1786000,60,13.06,28200,1800,1.505,0,338800,5.271546635182999,Female,34,Widowed,0,Graduate,Salaried,Analyst,Kochi,Kerala,Mortgaged,16,Verified,588,2,6,2,1,0,0,196000,56600,149,0.2887755102040816,0.0,22784.48,0.0,47326.775,4,-22784.48,0.0,0,0.7786751944170518,78,High
Personal,Debt Consolidation,642000,60,16.25,34600,8500,0.699,0,415300,1.545870455092704,Male,50,Divorced,2,Diploma,Salaried,Sales Executive,Chandigarh,Chandigarh,Mortgaged,1,Verified,713,4,1,1,0,0,0,230000,50100,325,0.2178260869565217,97080.29,42932.15,16507.159999999996,56182.54916666666,12,54148.13999999999,2.2612492036853498,0,0.40676690228911827,41,Medium
Business,Business Expansion,3906000,48,13.81,32000,7300,3.0,0,384300,10.163934426229508,Male,37,Married,1,Graduate,Salaried,HR Manager,Ahmedabad,Gujarat,Owned,19,Pending,689,2,5,0,0,0,0,334000,152000,198,0.4550898203592814,146860.16,33867.76,6681.110000000001,67758.245,12,112992.4,4.3362820570359535,1,0.8543480860238938,85,High
Business,Equipment Purchase,3618000,36,18.6,58000,1000,2.292,0,695700,5.200517464424321,Female,28,Married,1,Graduate,Business Owner,Retail Store Owner,Jaipur,Rajasthan,Rented,2,Verified,659,2,1,0,0,0,0,393000,144600,76,0.3679389312977099,109552.48,76754.03,14514.17,89537.01666666666,9,32798.45,1.4273189303545364,0,0.6313978753217591,63,Medium
Personal,Debt Consolidation,280000,12,23.3,16300,1000,1.683,0,195200,1.4344262295081966,Male,32,Married,0,Graduate,Self-Employed,Architect,Delhi,Delhi,Owned,14,Pending,590,1,2,1,1,0,0,100000,78200,85,0.782,30632.56,10643.41,6504.35,31903.946666666667,6,19989.15,2.87807760858597,1,0.7963513923714507,80,High
Gold,Gold Loan,261000,36,13.5,25100,1600,0.417,1,300900,0.8673978065802592,Male,31,Married,1,Professional Degree,Self-Employed,Chartered Accountant,Bhopal,Madhya Pradesh,Owned,5,Verified,437,4,2,2,2,1,0,218000,94400,77,0.4330275229357798,23010.82,27448.32,6136.360000000001,47606.89875,8,-4437.5,0.8383325463999254,1,0.8380797962018262,84,High
Gold,Gold Loan,239000,12,13.29,33000,2800,0.734,1,395500,0.6042983565107459,Female,40,Married,3,Post Graduate,Salaried,Teacher,Hyderabad,Telangana,Rented,12,Verified,595,2,3,3,0,0,0,97000,54100,183,0.5577319587628866,0.0,66644.81,8598.04,50110.06090909091,11,-66644.81,0.0,0,0.5908978121053285,59,Medium
Personal,Wedding,75000,84,15.65,57500,600,0.036,0,690200,0.1086641553172993,Male,44,Single,2,Post Graduate,Self-Employed,Lawyer,Surat,Gujarat,Mortgaged,20,Verified,744,2,1,0,0,0,0,186000,53800,276,0.289247311827957,14814.77,56987.22,18107.07,101716.19285714286,7,-42172.45,0.2599665328471892,1,0.20216236740366517,20,Low
Personal,Travel,417000,84,11.89,28600,1600,0.312,0,343700,1.213267384346814,Male,40,Married,1,High School,Self-Employed,Architect,Kochi,Kerala,Rented,18,Pending,622,4,1,4,0,0,0,79000,41200,231,0.5215189873417722,62849.69,27765.06,675.92,50974.11888888889,9,35084.630000000005,2.263625218169887,1,0.6089148457450411,61,Medium
Personal,Home Renovation,850000,84,20.29,37900,100,0.505,0,454300,1.8710103455866167,Male,50,Single,0,Post Graduate,Salaried,Accountant,Kolkata,West Bengal,Owned,0,Pending,694,4,2,1,0,1,0,186000,47400,308,0.2548387096774193,2757.59,38122.73,0.0,72762.91571428571,7,-35365.14,0.0723345363776413,0,0.3402080990212261,34,Medium
Business,Working Capital,5450000,84,16.28,50400,1900,2.201,1,605200,9.005287508261732,Female,47,Married,1,Graduate,Self-Employed,Lawyer,Pune,Maharashtra,Rented,11,Verified,649,2,1,0,0,0,0,348000,170200,284,0.4890804597701149,141960.29,52289.7,11973.37,119124.91375,8,89670.59000000001,2.7148805596513275,1,0.7787215679444336,78,High
Business,Equipment Purchase,1067000,60,16.02,39400,3700,0.754,0,472200,2.2596357475645914,Female,48,Married,1,Post Graduate,Salaried,Analyst,Kolkata,West Bengal,Owned,6,Verified,773,7,2,0,0,0,0,393000,205100,316,0.521882951653944,111938.29,53287.71,0.0,56886.401666666665,12,58650.58000000001,2.100639903647577,1,0.25818729359476406,26,Low
Personal,Travel,398000,12,14.72,27900,2300,1.369,0,334600,1.1894799760908548,Male,26,Married,2,Post Graduate,Retired,Pensioner,Noida,Uttar Pradesh,Rented,8,Verified,633,5,2,1,1,0,0,227000,96500,35,0.4251101321585903,9904.35,32716.29,3113.71,37180.56285714286,7,-22811.94,0.3027345093224201,0,0.5946409712366686,59,Medium
Personal,Debt Consolidation,325000,60,18.76,37000,4200,0.341,0,443500,0.7328072153325818,Male,40,Married,4,High School,Salaried,Analyst,Bhopal,Madhya Pradesh,Rented,1,Verified,661,4,3,0,0,0,0,313000,36600,186,0.1169329073482428,15942.0,80819.51000000001,24947.15,58691.40916666667,12,-64877.51000000001,0.1972543510842864,0,0.32456057012166617,32,Low
Personal,Debt Consolidation,1362000,84,20.1,41400,11700,1.016,1,496400,2.74375503626108,Male,42,Married,3,Graduate,Salaried,Software Engineer,Noida,Uttar Pradesh,Rented,6,Verified,720,5,2,0,0,0,0,207000,72700,247,0.351207729468599,40259.91,66973.61,13359.82,65549.77583333333,12,-26713.7,0.6011309529230991,0,0.3961911296058842,40,Medium
Auto,New Car,567000,84,9.05,133300,32600,0.313,1,1599300,0.3545301069217783,Male,45,Single,3,Post Graduate,Salaried,Bank Officer,Noida,Uttar Pradesh,Owned,6,Verified,787,4,1,0,0,0,0,378000,228700,245,0.605026455026455,0.0,77601.87,1602.57,215181.356,5,-77601.87,0.0,0,0.11966876959766662,12,Low
Personal,Travel,607000,60,11.21,41500,6200,0.469,0,497500,1.2201005025125629,Male,27,Single,1,Professional Degree,Salaried,Accountant,Jaipur,Rajasthan,Rented,9,Verified,680,3,0,2,0,0,0,339000,182400,41,0.5380530973451327,0.0,39612.97,12381.18,44905.988,5,-39612.97,0.0,0,0.3387931924255298,34,Medium
Personal,Debt Consolidation,109000,48,16.13,19800,2200,0.268,1,237400,0.4591406908171861,Male,30,Married,0,High School,Salaried,Bank Officer,Surat,Gujarat,Owned,12,Verified,718,1,2,0,0,0,0,192000,77000,95,0.4010416666666667,0.0,40405.16,750.29,27775.025833333333,12,-40405.16,0.0,0,0.4057703258556871,41,Medium
Personal,Debt Consolidation,97000,48,20.7,15700,1500,0.285,1,188800,0.513771186440678,Male,32,Single,1,Diploma,Self-Employed,Architect,Lucknow,Uttar Pradesh,Owned,5,Verified,502,2,2,1,0,0,0,78000,23500,111,0.3012820512820512,10135.88,906.98,0.0,22469.51,4,9228.9,11.175417319014754,0,0.6497843187646735,65,Medium
Personal,Medical Emergency,220000,12,13.39,49600,11300,0.625,0,595400,0.3694994961370507,Male,42,Married,3,Post Graduate,Salaried,Software Engineer,Hyderabad,Telangana,Rented,8,Verified,659,3,0,0,0,0,0,335000,60000,256,0.1791044776119403,46533.07,81169.0,3104.8,83732.69200000001,10,-34635.93,0.5732862299646416,0,0.27835955018142483,28,Low
Personal,Wedding,952000,48,20.94,61500,15900,0.737,1,738200,1.289623408290436,Male,29,Married,0,Post Graduate,Salaried,Sales Executive,Bhopal,Madhya Pradesh,Owned,11,Verified,804,1,1,0,0,0,0,406000,49500,77,0.1219211822660098,173108.28,89758.86,19408.5,117234.90083333332,12,83349.42,1.9285926759765,0,0.2563339851516333,26,Low
Auto,Two Wheeler,656000,60,11.4,17800,3900,1.028,1,213600,3.0711610486891385,Female,32,Single,2,Professional Degree,Retired,Retired Private Sector,Nagpur,Maharashtra,Family Owned,14,Pending,640,6,0,4,0,0,0,92000,23000,96,0.25,48282.97,33119.25,0.0,32746.09,11,15163.72,1.4578521554684964,0,0.6036576669476229,60,Medium
Gold,Gold Loan,605000,12,14.07,35400,3700,1.638,1,425100,1.4231945424605974,Female,24,Married,2,Diploma,Salaried,Software Engineer,Chennai,Tamil Nadu,Rented,0,Verified,538,2,2,3,1,0,0,120000,73900,36,0.6158333333333333,34567.75,60709.22,729.2,62985.63,12,-26141.47,0.5693986844172928,0,0.7891736720245955,79,High
Education,Study Abroad,1829000,36,12.96,40100,7700,1.728,1,481200,3.8009143807148793,Male,46,Single,4,Post Graduate,Salaried,Nurse,Surat,Gujarat,Rented,9,Verified,639,1,1,1,0,0,0,338000,106800,258,0.3159763313609467,85468.54,31466.13,17252.87,67002.36857142857,7,54002.41,2.7162075539635797,0,0.6244466727211428,62,Medium
Personal,Medical Emergency,765000,36,14.1,40800,2500,0.702,0,490200,1.5605875152998776,Female,37,Single,0,Diploma,Business Owner,Manufacturer,Ahmedabad,Gujarat,Owned,6,Verified,692,4,1,0,0,0,0,286000,101800,175,0.3559440559440559,2278.14,66476.06999999999,15886.75,59671.18222222223,9,-64197.92999999999,0.0342700764350239,0,0.39652600446387687,40,Medium
Personal,Home Renovation,1105000,24,18.13,55900,6700,1.108,0,670800,1.6472868217054264,Female,38,Married,3,Professional Degree,Business Owner,Restaurant Owner,Kochi,Kerala,Rented,8,Pending,644,5,1,1,0,0,0,496000,116600,205,0.2350806451612903,30823.06,26569.26,6575.55,100514.12166666666,6,4253.799999999999,1.1601023137264643,1,0.4645686342614878,46,Medium
Business,Business Expansion,2274000,24,16.58,38700,11200,3.0,0,464900,4.891374489137449,Female,30,Single,1,Graduate,Salaried,HR Manager,Pune,Maharashtra,Owned,12,Verified,746,4,1,0,0,0,0,299000,22700,62,0.0759197324414715,35908.28,33130.56,13137.31,72645.31899999999,10,2777.720000000001,1.083841625375484,1,0.6622509261331124,66,Medium
Gold,Gold Loan,563000,36,9.23,277200,70900,0.321,1,3326400,0.1692520442520442,Female,41,Married,0,Professional Degree,Salaried,Analyst,Noida,Uttar Pradesh,Family Owned,9,Verified,900,6,0,0,0,0,0,2219000,44400,233,0.0200090130689499,156114.69,401411.47,123876.61,424218.48888888885,9,-245296.78,0.3889143725763492,0,0.01956695084614524,2,Low
Business,Working Capital,4541000,36,17.06,42300,300,3.0,0,508000,8.938976377952756,Female,33,Married,4,Diploma,Retired,Retired Government Employee,Kolkata,West Bengal,Owned,15,Verified,610,3,2,4,0,0,0,432000,222500,103,0.5150462962962963,37039.95,23667.23,1447.48,70948.645,4,13372.719999999998,1.565031057711443,1,0.9006756002732917,90,High
Personal,Travel,1072000,60,19.04,67000,1600,0.439,1,803800,1.3336650908186116,Female,34,Married,3,Post Graduate,Self-Employed,Doctor (Practice),Nagpur,Maharashtra,Owned,0,Pending,609,2,1,0,0,0,0,246000,95700,142,0.3890243902439024,0.0,23102.55,13747.17,164604.3,4,-23102.55,0.0,0,0.3586021611589925,36,Medium
Auto,Used Car,1120000,48,9.77,45400,4800,0.729,1,544800,2.055800293685756,Female,32,Married,0,Post Graduate,Salaried,Nurse,Indore,Madhya Pradesh,Rented,14,Verified,607,4,0,3,0,0,0,265000,158200,101,0.5969811320754717,50727.14,94729.97,30711.19,69748.26416666666,12,-44002.83,0.5354919884382946,0,0.5635126555329857,56,Medium
Personal,Debt Consolidation,1475000,36,12.21,76200,18700,0.89,0,914300,1.61325604287433,Female,40,Married,0,Post Graduate,Salaried,Bank Officer,Kolkata,West Bengal,Owned,22,Verified,646,3,1,6,1,0,0,540000,121500,218,0.225,4167.75,33749.53,4185.67,117202.23,4,-29581.78,0.1234906086099569,1,0.6364969374991681,64,Medium
Auto,New Car,627000,84,12.89,39500,1200,0.318,1,474100,1.322505800464037,Male,32,Single,4,Diploma,Salaried,HR Manager,Kochi,Kerala,Rented,7,Verified,743,4,3,0,0,0,0,134000,65400,102,0.4880597014925373,82992.04999999999,14601.89,0.0,65562.99666666666,6,68390.15999999999,5.683651225971432,0,0.2174739633513817,22,Low
Personal,Medical Emergency,813000,60,22.51,53500,900,0.441,0,641800,1.266749766282331,Male,48,Single,2,High School,Self-Employed,Freelance Designer,Kochi,Kerala,Owned,17,Verified,679,4,3,0,0,0,0,264000,50200,317,0.1901515151515151,47143.74,62102.47,0.0,62832.33428571428,7,-14958.730000000003,0.759128260115902,1,0.34656211247574054,35,Medium
Personal,Travel,1445000,24,18.64,19700,4800,3.0,0,236300,6.115107913669065,Male,23,Widowed,1,Graduate,Retired,Pensioner,Bengaluru,Karnataka,Rented,5,Verified,588,7,2,2,0,0,0,188000,72600,27,0.3861702127659574,35636.17,28584.21,16119.32,34762.15454545455,11,7051.959999999999,1.246708235071041,0,0.8823456721830709,88,High
Gold,Gold Loan,155000,36,10.36,77700,3500,0.11,1,932200,0.1662733319030251,Male,42,Married,1,Post Graduate,Self-Employed,Doctor (Practice),Gurugram,Haryana,Family Owned,19,Verified,645,5,1,1,0,0,0,526000,437100,254,0.8309885931558936,145425.3,110307.2,16398.940000000002,128952.04909090907,11,35118.09999999999,1.318366344173363,0,0.4684867629519638,47,Medium
Auto,Two Wheeler,2104000,48,13.93,75400,4000,0.815,1,904900,2.3251187976572,Female,43,Single,1,Graduate,Salaried,Nurse,Surat,Gujarat,Rented,5,Verified,716,5,1,0,0,0,0,714000,151400,256,0.2120448179271708,141443.01,110650.1,40569.72,86718.04272727272,11,30792.910000000003,1.2782908465514264,0,0.2874900860231445,29,Low
Personal,Travel,1014000,48,20.0,35700,12300,1.207,0,428900,2.364187456283516,Male,21,Single,3,Graduate,Self-Employed,Doctor (Practice),Bhopal,Madhya Pradesh,Family Owned,3,Verified,718,3,2,1,0,0,0,174000,59500,6,0.3419540229885057,134806.26,47028.49,0.0,79280.9075,12,87777.77000000002,2.866480722642806,0,0.5810865805585129,58,Medium
Education,Study Abroad,3537000,84,12.93,174000,56700,0.695,0,2087900,1.6940466497437616,Female,47,Single,2,Professional Degree,Salaried,Bank Officer,Mysuru,Karnataka,Owned,16,Verified,761,6,0,0,0,0,0,944000,154800,320,0.1639830508474576,328569.88,254179.81,0.0,290242.8655555556,9,74390.07,1.2926671083749728,0,0.1328705795478324,13,Low
Personal,Wedding,470000,12,23.92,87600,12900,0.654,1,1051600,0.4469379992392545,Male,36,Single,0,Post Graduate,Salaried,Teacher,Lucknow,Uttar Pradesh,Rented,18,Verified,734,1,2,1,1,0,0,280000,170000,142,0.6071428571428571,206735.08,97126.74,0.0,177588.33250000002,12,109608.34,2.128508379875614,0,0.302150545577626,30,Low
Auto,Two Wheeler,2053000,24,12.68,70300,17900,1.639,1,843300,2.434483576425946,Male,30,Married,0,Post Graduate,Self-Employed,Freelance Designer,Ahmedabad,Gujarat,Owned,12,Verified,691,6,3,1,0,0,0,508000,229100,119,0.4509842519685039,13950.88,106718.41,21182.96,96903.15625,8,-92767.53,0.1307260855929169,0,0.644577436983613,64,Medium
Auto,Used Car,1175000,24,12.81,49800,7500,1.27,1,597600,1.96619812583668,Female,50,Married,0,Post Graduate,Salaried,Nurse,Pune,Maharashtra,Rented,11,Verified,746,3,2,0,0,0,0,384000,61800,348,0.1609375,19945.75,102451.29,0.0,74260.76,11,-82505.54,0.1946852011331434,0,0.4191544561314608,42,Medium
Auto,Two Wheeler,1225000,48,11.46,55000,3000,0.636,1,659500,1.8574677786201668,Female,26,Married,2,Post Graduate,Self-Employed,Consultant,Surat,Gujarat,Rented,5,Verified,658,3,1,1,0,0,0,437000,116200,39,0.265903890160183,49216.17,16381.02,0.0,108026.48,5,32835.149999999994,3.0044630920418878,0,0.4352001511346745,44,Medium
Personal,Medical Emergency,1316000,60,18.84,33900,8400,1.252,0,406500,3.23739237392374,Male,38,Single,3,Graduate,Salaried,Sales Executive,Kolkata,West Bengal,Rented,6,Pending,712,6,1,2,0,0,0,87000,27100,196,0.3114942528735632,10307.26,30429.7,0.0,66716.10333333333,6,-20122.44,0.3387236811404647,0,0.4168622893245992,42,Medium
Auto,Used Car,1065000,60,9.85,68100,8300,0.453,1,817700,1.302433655374832,Female,43,Single,1,Post Graduate,Salaried,Bank Officer,Lucknow,Uttar Pradesh,Rented,7,Verified,733,5,2,0,0,0,0,210000,98500,240,0.469047619047619,60716.34,139507.48,2306.3,111663.883,10,-78791.14000000001,0.435219244158091,1,0.224978116056473,22,Low
Personal,Debt Consolidation,768000,48,16.86,32600,9800,0.977,0,391800,1.9601837672281777,Male,45,Married,1,Professional Degree,Business Owner,Retail Store Owner,Lucknow,Uttar Pradesh,Rented,22,Pending,662,3,1,1,0,0,0,99000,53200,256,0.5373737373737374,0.0,34035.38,0.0,51728.37,5,-34035.38,0.0,1,0.5501456053748972,55,Medium
Personal,Wedding,281000,48,21.19,76200,19200,0.367,0,914300,0.3073389478289401,Female,40,Married,0,Post Graduate,Salaried,Bank Officer,Kolkata,West Bengal,Owned,22,Verified,646,3,1,6,1,0,0,540000,121500,218,0.225,4167.75,33749.53,4185.67,117202.23,4,-29581.78,0.1234906086099569,0,0.4517397373787626,45,Medium
Auto,Two Wheeler,2272000,48,9.61,172000,48800,0.616,1,2063400,1.1010952796355529,Male,28,Married,2,Professional Degree,Salaried,HR Manager,Delhi,Delhi,Rented,0,Verified,814,3,1,0,0,0,0,1181000,667300,90,0.5650296359017781,209978.5,144467.65000000002,38032.23,231255.91,8,65510.84999999995,1.453463803142087,0,0.15846315476307823,16,Low
Auto,New Car,655000,24,11.69,46000,5700,0.792,1,552300,1.1859496650371175,Male,45,Married,1,Graduate,Salaried,HR Manager,Nagpur,Maharashtra,Owned,17,Verified,540,2,2,3,1,0,0,317000,72900,254,0.229968454258675,115653.82,60080.13,0.0,80826.41454545454,11,55573.69000000001,1.9249928387305424,0,0.6699814247511662,67,High
Personal,Home Renovation,1027000,60,12.8,45100,10600,0.752,0,540700,1.8993896800443868,Male,33,Married,1,Graduate,Salaried,Software Engineer,Noida,Uttar Pradesh,Owned,8,Pending,753,6,1,0,0,0,0,291000,160900,146,0.5529209621993127,94673.64,28388.18,11723.45,81992.643,10,66285.45999999999,3.334966877059396,0,0.3222916633470821,32,Low
Auto,New Car,2435000,48,12.41,78800,2200,0.848,1,945200,2.57617435463394,Male,48,Widowed,2,Post Graduate,Salaried,HR Manager,Bhopal,Madhya Pradesh,Rented,24,Verified,784,4,1,0,0,0,0,237000,15400,328,0.0649789029535864,0.0,78029.0,0.0,116191.036,5,-78029.0,0.0,0,0.2606880246607887,26,Low
Personal,Home Renovation,1139000,24,14.96,64200,16100,1.111,0,770400,1.478452751817238,Female,32,Married,2,Professional Degree,Salaried,Sales Executive,Kolkata,West Bengal,Owned,4,Pending,698,1,3,1,0,0,0,669000,47500,133,0.0710014947683109,261988.08,88323.23,21610.8,119512.27545454544,11,173664.85000000003,2.966242063384684,0,0.40749277574364545,41,Medium
Home,Plot Purchase,6294000,60,8.08,105300,15600,1.363,1,1263400,4.981795155928447,Male,46,Single,1,Post Graduate,Salaried,Accountant,Mysuru,Karnataka,Family Owned,11,Pending,756,6,4,0,0,0,0,1035000,239100,257,0.2310144927536231,49354.33,68719.19,0.0,185660.3566666667,6,-19364.86,0.7182030230565872,1,0.463721954922386,46,Medium
Personal,Travel,1139000,48,15.82,42000,9800,0.999,0,504100,2.259472326919262,Female,47,Divorced,1,Post Graduate,Salaried,Teacher,Mysuru,Karnataka,Owned,11,Pending,680,4,2,0,0,0,0,108000,29800,280,0.2759259259259259,0.0,37371.41,13049.77,68442.8575,4,-37371.41,0.0,0,0.39811533949482436,40,Medium
Gold,Gold Loan,777000,24,12.45,72800,15000,0.711,1,873600,0.8894230769230769,Male,44,Single,1,Graduate,Self-Employed,Consultant,Surat,Gujarat,Owned,8,Verified,663,2,0,0,0,1,0,645000,365700,285,0.5669767441860465,89165.66,55811.2,14349.99,131595.08,6,33354.46000000001,1.597630224757755,1,0.6109518591436952,61,Medium
Auto,Used Car,1519000,60,9.58,44800,8800,0.909,1,538100,2.8228953726073223,Male,21,Married,3,Post Graduate,Salaried,HR Manager,Coimbatore,Tamil Nadu,Owned,3,Verified,732,3,2,1,0,0,0,166000,124700,6,0.7512048192771085,93043.69,74852.87,0.0,53891.133,10,18190.820000000007,1.243021009080881,0,0.4093467255533644,41,Medium
Personal,Wedding,182000,60,14.15,46000,7400,0.254,0,551400,0.3300689154878491,Female,31,Single,0,Post Graduate,Salaried,Teacher,Noida,Uttar Pradesh,Owned,11,Verified,724,5,0,1,0,0,0,257000,24700,95,0.0961089494163424,0.0,83298.56,28851.04,70874.20818181819,11,-83298.56,0.0,0,0.19235058374460992,19,Low
Auto,Two Wheeler,2176000,84,11.81,73100,2000,0.55,1,877400,2.480054707089127,Female,45,Single,1,Post Graduate,Business Owner,Trader,Kochi,Kerala,Rented,7,Pending,837,4,1,0,0,0,0,307000,6100,259,0.0198697068403908,0.0,94821.99,0.0,103815.054,5,-94821.99,0.0,0,0.13750800603437038,14,Low
Education,Higher Studies India,2264000,84,9.62,40400,3600,1.009,0,484400,4.67382328654005,Female,41,Married,1,Post Graduate,Salaried,Nurse,Gurugram,Haryana,Rented,18,Verified,708,3,1,1,0,0,0,179000,49000,214,0.2737430167597765,15601.68,29000.06,12989.87,44332.41333333333,6,-13398.379999999996,0.537987852438926,0,0.42420422335334435,42,Medium
Home,Plot Purchase,2487000,60,10.37,111900,4200,0.514,1,1342400,1.8526519666269368,Male,49,Single,3,Post Graduate,Salaried,Software Engineer,Chandigarh,Chandigarh,Rented,14,Verified,766,4,2,1,0,0,0,845000,216300,320,0.2559763313609467,36999.98,104923.55,0.0,141610.58000000002,5,-67923.57,0.3526375156006445,0,0.21618248709673596,22,Low
Gold,Gold Loan,62000,24,11.87,41700,5500,0.202,1,500600,0.1238513783459848,Female,31,Married,4,Post Graduate,Self-Employed,Chartered Accountant,Bengaluru,Karnataka,Owned,1,Verified,626,5,2,2,0,0,0,416000,80700,103,0.1939903846153846,41464.15,54240.94,3056.08,61779.6325,8,-12776.79,0.7644437946687502,1,0.45336931518755463,45,Medium
Auto,Two Wheeler,772000,36,10.34,34500,4800,0.865,1,414000,1.8647342995169085,Male,58,Single,3,Post Graduate,Salaried,Teacher,Noida,Uttar Pradesh,Rented,19,Verified,761,3,2,1,1,0,0,228000,82800,433,0.3631578947368421,45748.04,55902.67,13302.26,59639.41818181818,11,-10154.629999999996,0.8183516100393774,0,0.3840726300448544,38,Medium
Home,Plot Purchase,9621000,180,8.08,82800,500,1.122,1,993700,9.6819965784442,Male,38,Married,2,Graduate,Salaried,Nurse,Lucknow,Uttar Pradesh,Rented,0,Pending,799,4,0,1,0,0,0,637000,286600,161,0.4499215070643642,0.0,76610.18,37751.89,103234.746,5,-76610.18,0.0,0,0.3380374000525855,34,Medium
Gold,Gold Loan,317000,24,12.92,91000,18200,0.366,1,1091400,0.2904526296499908,Male,44,Married,0,Professional Degree,Business Owner,Restaurant Owner,Chennai,Tamil Nadu,Mortgaged,15,Verified,666,3,3,1,0,0,0,579000,164400,284,0.2839378238341969,84582.79,116937.35,20289.06,116600.48799999998,10,-32354.56000000001,0.7233171437526161,0,0.46338227410415656,46,Medium
Education,Higher Studies India,2400000,48,12.69,298100,96100,0.537,1,3577300,0.6708970452575965,Female,57,Married,2,Professional Degree,Self-Employed,Architect,Mumbai,Maharashtra,Mortgaged,10,Verified,756,3,1,0,0,0,0,3198000,1157700,426,0.3620075046904315,581545.28,94563.12,0.0,616565.115,4,486982.16,6.149810623845745,0,0.2586678437812645,26,Low
Auto,Two Wheeler,319000,48,10.49,42800,4900,0.305,1,514100,0.6205018478895157,Male,51,Single,2,Graduate,Salaried,Analyst,Noida,Uttar Pradesh,Family Owned,8,Verified,705,4,0,2,0,0,0,213000,81600,313,0.3830985915492957,83490.4,49017.28,27928.87,73466.71727272727,11,34473.119999999995,1.7032850456002453,0,0.35780340071891226,36,Medium
Personal,Debt Consolidation,651000,12,14.32,48100,9600,1.418,0,576900,1.1284451378055125,Female,52,Married,0,Graduate,Salaried,Software Engineer,Pune,Maharashtra,Mortgaged,23,Verified,689,3,2,1,0,0,0,454000,19500,337,0.0429515418502202,87969.04,53695.26,14833.74,92260.00272727272,11,34273.77999999999,1.6383017793376915,0,0.6178954056745668,62,Medium
Personal,Home Renovation,340000,48,18.23,105900,18800,0.272,0,1270500,0.2676111767020858,Female,35,Married,2,Post Graduate,Salaried,Accountant,Surat,Gujarat,Rented,13,Verified,803,5,0,0,0,0,0,623000,231100,135,0.3709470304975923,0.0,154745.18,17022.8,114746.71666666667,9,-154745.18,0.0,0,0.0918032822168438,9,Low
Personal,Home Renovation,1350000,84,12.33,69900,3400,0.393,0,838700,1.609633957314892,Male,21,Divorced,0,Post Graduate,Self-Employed,Doctor (Practice),Lucknow,Uttar Pradesh,Owned,3,Verified,706,1,0,0,0,0,0,513000,209800,6,0.4089668615984405,79268.54000000001,88203.26,29352.48,138665.05125,8,-8934.719999999987,0.8987030638096598,0,0.2720767230108966,27,Low
Personal,Travel,1380000,36,20.38,68400,16300,0.993,0,820300,1.6823113495062785,Male,57,Single,1,Post Graduate,Self-Employed,Chartered Accountant,Mysuru,Karnataka,Mortgaged,5,Verified,721,5,0,3,0,0,0,457000,63100,404,0.1380743982494529,0.0,91171.66,17401.42,98459.408,5,-91171.66,0.0,1,0.4273728283968394,43,Medium
Auto,Two Wheeler,668000,60,9.35,31600,2900,0.534,1,379000,1.762532981530343,Male,40,Single,3,Professional Degree,Retired,Retired Government Employee,Nagpur,Maharashtra,Mortgaged,21,Pending,641,3,2,2,0,0,0,267000,193800,228,0.7258426966292135,0.0,38034.93,0.0,51429.322,5,-38034.93,0.0,0,0.5455605136645725,55,Medium
Gold,Gold Loan,453000,36,11.73,120900,41600,0.468,1,1451100,0.3121769691957825,Male,42,Married,1,Professional Degree,Self-Employed,Chartered Accountant,Jaipur,Rajasthan,Owned,20,Verified,691,2,3,0,0,0,0,1221000,468900,219,0.384029484029484,195324.27,130831.66,0.0,188368.5077777778,9,64492.610000000015,1.4929434511493629,0,0.43118377152330717,43,Medium
Personal,Travel,1029000,84,20.32,49500,900,0.484,0,594000,1.7323232323232325,Male,32,Married,2,Professional Degree,Salaried,Teacher,Delhi,Delhi,Mortgaged,5,Verified,651,3,2,1,0,0,0,347000,192900,93,0.5559077809798271,13365.79,73550.87,32247.7,93797.46272727274,11,-60185.08,0.1817217117894051,0,0.33002862423281937,33,Low
Home,Plot Purchase,4610000,180,9.86,49000,8900,1.185,1,588000,7.840136054421769,Female,32,Married,1,Graduate,Self-Employed,Doctor (Practice),Coimbatore,Tamil Nadu,Rented,1,Verified,635,6,0,1,0,0,0,339000,78300,136,0.2309734513274336,104238.7,115088.98,7960.81,88973.25,12,-10850.28,0.9057226851780248,1,0.5209211565488825,52,Medium
